InputID,TargetID,Distance (km)
1,2,2095
1,3,1448
1,4,2294
1,5,2318
1,6,2337
1,7,13941
1,8,18581
1,9,17578
1,10,18106
1,11,18312
1,12,18378
1,13,18018
1,14,14403
1,15,15633
1,16,15929
1,17,18490
1,18,18535
1,19,18773
1,20,16756
1,21,15905
1,22,15937
1,23,13258
1,24,16009
1,25,16417
1,26,16412
1,27,18769
1,28,16855
1,29,17171
1,30,9776
1,31,9355
1,32,10615
1,33,10627
1,34,9414
1,35,9464
1,36,10098
1,37,9436
1,38,9421
1,39,10230
1,40,9751
1,41,11133
1,42,10536
1,43,9587
1,44,10900
1,45,10141
1,46,11767
1,47,11520
1,48,10525
1,49,7909
1,50,8154
1,51,9174
1,52,9619
1,53,11001
1,54,11049
1,55,9899
1,56,8742
1,57,8889
1,58,10105
1,59,9628
1,60,10232
1,61,10149
1,62,9853
1,63,8355
1,64,8743
1,65,11222
1,66,10097
1,67,11277
1,68,851
1,69,1353
1,70,2449
1,71,3078
1,72,2688
1,73,2644
1,74,2337
1,75,1961
1,76,1705
1,77,538
1,78,344
1,79,338
1,80,730
1,81,65
1,82,147
1,83,340
1,84,514
1,85,444
1,86,864
1,91,3290
2,1,2095
2,3,648
2,4,263
2,5,1199
2,6,625
2,7,11852
2,8,16506
2,9,15483
2,10,16057
2,11,16257
2,12,17316
2,13,16343
2,14,12594
2,15,15486
2,16,16223
2,17,16907
2,18,16920
2,19,16924
2,20,15307
2,21,15196
2,22,15076
2,23,12114
2,24,15420
2,25,15157
2,26,15140
2,27,16872
2,28,15809
2,29,15576
2,30,7693
2,31,7337
2,32,8523
2,33,8585
2,34,7320
2,35,7371
2,36,8007
2,37,7382
2,38,7365
2,39,8135
2,40,7685
2,41,9039
2,42,8469
2,43,7497
2,44,8839
2,45,8048
2,46,9673
2,47,9442
2,48,8438
2,49,5837
2,50,6089
2,51,7100
2,52,7539
2,53,8911
2,54,8966
2,55,7814
2,56,6650
2,57,6802
2,58,8010
2,59,7557
2,60,8148
2,61,8054
2,62,7757
2,63,6271
2,64,6650
2,65,9149
2,66,8140
2,67,9208
2,68,1655
2,69,2484
2,70,1678
2,71,3510
2,72,2839
2,73,2006
2,74,626
2,75,136
2,76,391
2,77,1557
2,78,1858
2,79,1853
2,80,1462
2,81,2038
2,82,2167
2,83,2425
2,84,2596
2,85,2535
2,86,2956
2,91,3108
3,1,1448
3,2,648
3,4,858
3,5,1313
3,6,1011
3,7,12498
3,8,17150
3,9,16130
3,10,16696
3,11,16898
3,12,17795
3,13,16913
3,14,13165
3,15,15621
3,16,16239
3,17,17469
3,18,17489
3,19,17535
3,20,15807
3,21,15493
3,22,15414
3,23,12491
3,24,15688
3,25,15606
3,26,15592
3,27,17491
3,28,16216
3,29,16116
3,30,8336
3,31,7959
3,32,9170
3,33,9216
3,34,7967
3,35,8018
3,36,8653
3,37,8016
3,38,7999
3,39,8783
3,40,8323
3,41,9686
3,42,9108
3,43,8143
3,44,9475
3,45,8695
3,46,10320
3,47,10084
3,48,9083
3,49,6477
3,50,6726
3,51,7741
3,52,8182
3,53,9557
3,54,9610
3,55,8459
3,56,7296
3,57,7447
3,58,8658
3,59,8196
3,60,8793
3,61,8701
3,62,8405
3,63,6915
3,64,7297
3,65,9790
3,66,8743
3,67,9847
3,68,1086
3,69,1976
3,70,1697
3,71,3251
3,72,2629
3,73,2007
3,74,1011
3,75,513
3,76,257
3,77,909
3,78,1219
3,79,1213
3,80,839
3,81,1391
3,82,1521
3,83,1778
3,84,1949
3,85,1888
3,86,2309
3,91,3024
4,1,2294
4,2,263
4,3,858
4,5,1056
4,6,425
4,7,11673
4,8,16326
4,9,15285
4,10,15838
4,11,16040
4,12,17262
4,13,16242
4,14,12504
4,15,15602
4,16,16376
4,17,16654
4,18,16668
4,19,16685
4,20,15257
4,21,15248
4,22,15111
4,23,12142
4,24,15484
4,25,15136
4,26,15118
4,27,16727
4,28,15806
4,29,15501
4,30,7482
4,31,7103
4,32,8322
4,33,8357
4,34,7136
4,35,7171
4,36,7804
4,37,7157
4,38,7141
4,39,7944
4,40,7465
4,41,8851
4,42,8309
4,43,7293
4,44,8617
4,45,7866
4,46,9474
4,47,9228
4,48,8264
4,49,5620
4,50,5868
4,51,6938
4,52,7327
4,53,8707
4,54,8756
4,55,7642
4,56,6449
4,57,6595
4,58,7815
4,59,7339
4,60,7977
4,61,7859
4,62,7564
4,63,6061
4,64,6450
4,65,8933
4,66,7896
4,67,8990
4,68,1778
4,69,2557
4,70,1547
4,71,3451
4,72,2768
4,73,1871
4,74,426
4,75,365
4,76,606
4,77,1759
4,78,2078
4,79,2071
4,80,1692
4,81,2240
4,82,2356
4,83,2617
4,84,2802
4,85,2738
4,86,3158
4,91,2985
5,1,2318
5,2,1199
5,3,1313
5,4,1056
5,6,647
5,7,12004
5,8,16524
5,9,15429
5,10,15821
5,11,16028
5,12,17934
5,13,16805
5,14,13193
5,15,16657
5,16,17421
5,17,16301
5,18,16332
5,19,16478
5,20,16026
5,21,16249
5,22,16085
5,23,13119
5,24,16498
5,25,15990
5,26,15968
5,27,17075
5,28,16692
5,29,16181
5,30,7697
5,31,7141
5,32,8578
5,33,8432
5,34,7509
5,35,7456
5,36,8056
5,37,7276
5,38,7266
5,39,8270
5,40,7615
5,41,9180
5,42,8786
5,43,7547
5,44,8736
5,45,8241
5,46,9725
5,47,9393
5,48,8671
5,49,5823
5,50,6042
5,51,7423
5,52,7529
5,53,8942
5,54,8947
5,55,8069
5,56,6745
5,57,6846
5,58,8114
5,59,7508
5,60,8402
5,61,8161
5,62,7881
5,63,6310
5,64,6745
5,65,9086
5,66,7823
5,67,9128
5,68,1524
5,69,1969
5,70,492
5,71,2451
5,72,1760
5,73,815
5,74,646
5,75,1180
5,76,1216
5,77,1887
5,78,2251
5,79,2239
5,80,2000
5,81,2286
5,82,2313
5,83,2563
5,84,2813
5,85,2733
5,86,3120
5,91,1929
6,1,2337
6,2,625
6,3,1011
6,4,425
6,5,647
6,7,11724
6,8,16349
6,9,15276
6,10,15769
6,11,15975
6,12,17490
6,13,16414
6,14,12714
6,15,16013
6,16,16799
6,17,16460
6,18,16481
6,19,16550
6,20,15511
6,21,15616
6,22,15464
6,23,12494
6,24,15861
6,25,15429
6,26,15409
6,27,16816
6,28,16116
6,29,15717
6,30,7471
6,31,7018
6,32,8331
6,33,8292
6,34,7191
6,35,7189
6,36,7810
6,37,7106
6,38,7092
6,39,7982
6,40,7428
6,41,8893
6,42,8413
6,43,7298
6,44,8571
6,45,7924
6,46,9485
6,47,9203
6,48,8337
6,49,5596
6,50,5834
6,51,7042
6,52,7310
6,53,8709
6,54,8740
6,55,7722
6,56,6468
6,57,6596
6,58,7841
6,59,7309
6,60,8058
6,61,7886
6,62,7596
6,63,6059
6,64,6469
6,65,8902
6,66,7771
6,67,8953
6,68,1688
6,69,2359
6,70,1138
6,71,3082
6,72,2393
6,73,1458
6,74,1
6,75,659
6,76,809
6,77,1826
6,78,2175
6,79,2166
6,80,1833
6,81,2290
6,82,2372
6,83,2636
6,84,2851
6,85,2778
6,86,3193
6,91,2573
7,1,13941
7,2,11852
7,3,12498
7,4,11673
7,5,12004
7,6,11724
7,8,4654
7,9,3662
7,10,4353
7,11,4525
7,12,5988
7,13,4847
7,14,2540
7,15,7171
7,16,7840
7,17,5613
7,18,5586
7,19,5351
7,20,4580
7,21,6053
7,22,5731
7,23,5195
7,24,6295
7,25,4908
7,26,4878
7,27,5095
7,28,5486
7,29,4453
7,30,4322
7,31,5047
7,32,3430
7,33,3791
7,34,4539
7,35,4548
7,36,3951
7,37,4812
7,38,4813
7,39,3743
7,40,4450
7,41,2832
7,42,3432
7,43,4458
7,44,3426
7,45,3807
7,46,2300
7,47,2733
7,48,3416
7,49,6184
7,50,5976
7,51,4775
7,52,4494
7,53,3081
7,54,3118
7,55,4042
7,56,5263
7,57,5157
7,58,3892
7,59,4537
7,60,3709
7,61,3845
7,62,4130
7,63,5694
7,64,5263
7,65,3041
7,66,4674
7,67,3029
7,68,13412
7,69,13962
7,70,12173
7,71,13424
7,72,13041
7,73,12209
7,74,11725
7,75,11988
7,76,12243
7,77,13404
7,78,13667
7,79,13664
7,80,13249
7,81,13881
7,82,14019
7,83,14275
7,84,14423
7,85,14371
7,86,14786
7,91,12522
8,1,18581
8,2,16506
8,3,17150
8,4,16326
8,5,16524
8,6,16349
8,7,4654
8,9,1097
8,10,963
8,11,821
8,12,1844
8,13,1254
8,14,4299
8,15,4428
8,16,4471
8,17,1799
8,18,1740
8,19,1309
8,20,2429
8,21,3787
8,22,3640
8,23,5860
8,24,3793
8,25,2894
8,26,2887
8,27,675
8,28,2740
8,29,1937
8,30,8878
8,31,9384
8,32,8019
8,33,8095
8,34,9190
8,35,9165
8,36,8540
8,37,9262
8,38,9273
8,39,8383
8,40,8930
8,41,7475
8,42,8047
8,43,9052
8,44,7797
8,45,8460
8,46,6865
8,47,7152
8,48,8068
8,49,10754
8,50,10520
8,51,9412
8,52,9040
8,53,7640
8,54,7611
8,55,8692
8,56,9886
8,57,9753
8,58,8516
8,59,9045
8,60,8358
8,61,8471
8,62,8765
8,63,10290
8,64,9886
8,65,7456
8,66,8717
8,67,7409
8,68,18024
8,69,18278
8,70,16557
8,71,16815
8,72,16887
8,73,16473
8,74,16349
8,75,16641
8,76,16896
8,77,18050
8,78,18277
8,79,18277
8,80,17863
8,81,18519
8,82,18671
8,83,18921
8,84,19014
8,85,18984
8,86,19342
8,91,16234
9,1,17578
9,2,15483
9,3,16130
9,4,15285
9,5,15429
9,6,15276
9,7,3662
9,8,1097
9,10,785
9,11,904
9,12,2866
9,13,1986
9,14,3816
9,15,5216
9,16,5407
9,17,2139
9,18,2096
9,19,1764
9,20,2797
9,21,4399
9,22,4184
9,23,5865
9,24,4473
9,25,3308
9,26,3292
9,27,1718
9,28,3386
9,29,2327
9,30,7809
9,31,8290
9,32,6963
9,33,7002
9,34,8169
9,35,8114
9,36,7482
9,37,8176
9,38,8188
9,39,7349
9,40,7849
9,41,6448
9,42,7090
9,43,7993
9,44,6710
9,45,7445
9,46,5811
9,47,6073
9,48,7072
9,49,9682
9,50,9443
9,51,8437
9,52,7968
9,53,6579
9,54,6538
9,55,7699
9,56,8836
9,57,8692
9,58,7473
9,59,7967
9,60,7368
9,61,7429
9,62,7726
9,63,9227
9,64,8835
9,65,6375
9,66,7621
9,67,6325
9,68,16936
9,69,17215
9,70,15463
9,71,15927
9,72,15888
9,73,15391
9,74,15277
9,75,15617
9,76,15873
9,77,17040
9,78,17323
9,79,17319
9,80,16907
9,81,17521
9,82,17639
9,83,17901
9,84,18075
9,85,18018
9,86,18438
9,91,15244
10,1,18106
10,2,16057
10,3,16696
10,4,15838
10,5,15821
10,6,15769
10,7,4353
10,8,963
10,9,785
10,11,207
10,12,2777
10,13,2183
10,14,4588
10,15,5390
10,16,5421
10,17,1355
10,18,1312
10,19,1004
10,20,3246
10,21,4714
10,22,4544
10,23,6519
10,24,4737
10,25,3740
10,26,3729
10,27,1624
10,28,3669
10,29,2752
10,30,8367
10,31,8752
10,32,7552
10,33,7484
10,34,8799
10,35,8704
10,36,8063
10,37,8681
10,38,8697
10,39,7969
10,40,8373
10,41,7083
10,42,7784
10,43,8570
10,44,7221
10,45,8087
10,46,6411
10,47,6617
10,48,7735
10,49,10220
10,50,9970
10,51,9111
10,52,8519
10,53,7160
10,54,7094
10,55,8360
10,56,9423
10,57,9261
10,58,8078
10,59,8500
10,60,8034
10,61,8036
10,62,8336
10,63,9789
10,64,9422
10,65,6908
10,66,8012
10,67,6849
10,68,17343
10,69,17383
10,70,15771
10,71,15853
10,72,15955
10,73,15644
10,74,15769
10,75,16188
10,76,16441
10,77,17589
10,78,17915
10,79,17908
10,80,17515
10,81,18059
10,82,18127
10,83,18383
10,84,18618
10,85,18543
10,86,18941
10,91,15301
11,1,18312
11,2,16257
11,3,16898
11,4,16040
11,5,16028
11,6,15975
11,7,4525
11,8,821
11,9,904
11,10,207
11,12,2600
11,13,2067
11,14,4661
11,15,5245
11,16,5249
11,17,1259
11,18,1212
11,19,860
11,20,3179
11,21,4602
11,22,4444
11,23,6509
11,24,4613
11,25,3664
11,26,3655
11,27,1460
11,28,3555
11,29,2683
11,30,8566
11,31,8957
11,32,7747
11,33,7688
11,34,8988
11,35,8899
11,36,8258
11,37,8884
11,38,8900
11,39,8159
11,40,8575
11,41,7270
11,42,7957
11,43,8766
11,44,7423
11,45,8273
11,46,6603
11,47,6816
11,48,7916
11,49,10421
11,50,10172
11,51,9290
11,52,8718
11,53,7355
11,54,7292
11,55,8542
11,56,9618
11,57,9458
11,58,8270
11,59,8701
11,60,8215
11,61,8228
11,62,8527
11,63,9988
11,64,9618
11,65,7108
11,66,8219
11,67,7050
11,68,17549
11,69,17570
11,70,15975
11,71,16012
11,72,16135
11,73,15844
11,74,15975
11,75,16388
11,76,16642
11,77,17793
11,78,18116
11,79,18110
11,80,17713
11,81,18265
11,82,18334
11,83,18590
11,84,18825
11,85,18750
11,86,19148
11,91,15482
12,1,18378
12,2,17316
12,3,17795
12,4,17262
12,5,17934
12,6,17490
12,7,5988
12,8,1844
12,9,2866
12,10,2777
12,11,2600
12,13,1144
12,14,4776
12,15,2779
12,16,2652
12,17,3046
12,18,2991
12,19,2629
12,20,2010
12,21,2489
12,22,2489
12,23,5328
12,24,2371
12,25,2190
12,26,2204
12,27,1170
12,28,1613
12,29,1773
12,30,10310
12,31,10969
12,32,9417
12,33,9677
12,34,10438
12,35,10518
12,36,9936
12,37,10781
12,38,10785
12,39,9695
12,40,10426
12,41,8789
12,42,9149
12,43,10439
12,44,9345
12,45,9709
12,46,8286
12,47,8666
12,48,9273
12,49,12166
12,50,11964
12,51,10511
12,52,10482
12,53,9068
12,54,9089
12,55,9870
12,56,11220
12,57,11135
12,58,9859
12,59,10521
12,60,9538
12,61,9812
12,62,10085
12,63,11668
12,64,11219
12,65,8977
12,66,10401
12,67,8946
12,68,18838
12,69,19727
12,70,18161
12,71,18543
12,72,18730
12,73,18182
12,74,17491
12,75,17431
12,76,17624
12,77,18264
12,78,18119
12,79,18131
12,80,17948
12,81,18345
12,82,18510
12,83,18446
12,84,18200
12,85,18273
12,86,18116
12,91,18076
13,1,18018
13,2,16343
13,3,16913
13,4,16242
13,5,16805
13,6,16414
13,7,4847
13,8,1254
13,9,1986
13,10,2183
13,11,2067
13,12,1144
13,14,3751
13,15,3243
13,16,3438
13,17,2964
13,18,2904
13,19,2476
13,20,1280
13,21,2535
13,22,2387
13,23,4790
13,24,2555
13,25,1688
13,26,1686
13,27,806
13,28,1488
13,29,847
13,30,9169
13,31,9847
13,32,8275
13,33,8559
13,34,9299
13,35,9374
13,36,8793
13,37,9647
13,38,9651
13,39,8552
13,40,9290
13,41,7645
13,42,8023
13,43,9296
13,44,8220
13,45,8569
13,46,7146
13,47,7537
13,48,8136
13,49,11023
13,50,10821
13,51,9389
13,52,9341
13,53,7928
13,54,7953
13,55,8736
13,56,10077
13,57,9991
13,58,8716
13,59,9382
13,60,8403
13,61,8668
13,62,8942
13,63,10524
13,64,10076
13,65,7848
13,66,9315
13,67,7821
13,68,17993
13,69,18768
13,70,17017
13,71,17906
13,72,17777
13,73,17053
13,74,16415
13,75,16471
13,76,16697
13,77,17641
13,78,17677
13,79,17685
13,80,17349
13,81,17958
13,82,18162
13,83,18278
13,84,18163
13,85,18195
13,86,18309
13,91,17162
14,1,14403
14,2,12594
14,3,13165
14,4,12504
14,5,13193
14,6,12714
14,7,2540
14,8,4299
14,9,3816
14,10,4588
14,11,4661
14,12,4776
14,13,3751
14,15,4977
14,16,5810
14,17,5920
14,18,5871
14,19,5486
14,20,2847
14,21,3868
14,22,3550
14,23,2722
14,24,4149
14,25,2946
14,26,2918
14,27,4378
14,28,3649
14,29,3003
14,30,6133
14,31,7087
14,32,5272
14,33,5979
14,34,5946
14,35,6171
14,36,5726
14,37,6745
14,38,6733
14,39,5355
14,40,6377
14,41,4553
14,42,4568
14,43,6161
14,44,5592
14,45,5271
14,46,4369
14,47,4935
14,48,4809
14,49,7786
14,50,7652
14,51,5861
14,52,6307
14,53,5038
14,54,5180
14,55,5329
14,56,6789
14,57,6784
14,58,5557
14,59,6413
14,60,5021
14,61,5510
14,62,5723
14,63,7270
14,64,6789
14,65,5208
14,66,6957
14,67,5231
14,68,14242
14,69,15060
14,70,13522
14,71,15248
14,72,14684
14,73,13674
14,74,12715
14,75,12720
14,76,12946
14,77,13944
14,78,14064
14,79,14068
14,80,13682
14,81,14338
14,82,14532
14,83,14725
14,84,14736
14,85,14725
14,86,15043
14,91,14333
15,1,15633
15,2,15486
15,3,15621
15,4,15602
15,5,16657
15,6,16013
15,7,7171
15,8,4428
15,9,5216
15,10,5390
15,11,5245
15,12,2779
15,13,3243
15,14,4977
15,16,983
15,17,5825
15,18,5770
15,19,5402
15,20,2703
15,21,1124
15,22,1448
15,23,3855
15,24,879
15,25,2286
15,26,2315
15,27,3796
15,28,1874
15,29,3026
15,30,11106
15,31,12059
15,32,10248
15,33,10901
15,34,10828
15,35,11111
15,36,10699
15,37,11722
15,38,11710
15,39,10312
15,40,11353
15,41,9530
15,42,9443
15,43,11118
15,44,10519
15,45,10201
15,46,9304
15,47,9837
15,48,9740
15,49,12665
15,50,12567
15,51,10605
15,52,11278
15,53,10006
15,54,10131
15,55,10202
15,56,11677
15,57,11708
15,58,10519
15,59,11388
15,60,9920
15,61,10472
15,62,10667
15,63,12159
15,64,11677
15,65,10129
15,66,11836
15,67,10138
15,68,16313
15,69,16971
15,70,17149
15,71,18705
15,72,18234
15,73,17470
15,74,16013
15,75,15535
15,76,15590
15,77,15665
15,78,15426
15,79,15440
15,80,15376
15,81,15610
15,82,15753
15,83,15668
15,84,15422
15,85,15494
15,86,15366
15,91,18585
16,1,15929
16,2,16223
16,3,16239
16,4,16376
16,5,17421
16,6,16799
16,7,7840
16,8,4471
16,9,5407
16,10,5421
16,11,5249
16,12,2652
16,13,3438
16,14,5810
16,15,983
16,17,5592
16,18,5543
16,19,5227
16,20,3264
16,21,1961
16,22,2267
16,23,4838
16,24,1670
16,25,2949
16,26,2978
16,27,3799
16,28,2360
16,29,3469
16,30,11935
16,31,12834
16,32,11057
16,33,11623
16,34,11726
16,35,11979
16,36,11528
16,37,12528
16,38,12519
16,39,11165
16,40,12157
16,41,10347
16,42,10339
16,43,11971
16,44,11248
16,45,11074
16,46,10055
16,47,10557
16,48,10612
16,49,13570
16,50,13453
16,51,11540
16,52,12109
16,53,10786
16,54,10888
16,55,11102
16,56,12575
16,57,12588
16,58,11366
16,59,12206
16,60,10808
16,61,11319
16,62,11531
16,63,13058
16,64,12575
16,65,10858
16,66,12508
16,67,10857
16,68,16715
16,69,17155
16,70,17896
16,71,18657
16,72,18601
16,73,18223
16,74,16800
16,75,16250
16,76,16258
16,77,16085
16,78,15790
16,79,15804
16,80,15832
16,81,15921
16,82,16025
16,83,15883
16,84,15614
16,85,15695
16,86,15478
16,91,19216
17,1,18490
17,2,16907
17,3,17469
17,4,16654
17,5,16301
17,6,16460
17,7,5613
17,8,1799
17,9,2139
17,10,1355
17,11,1259
17,12,3046
17,13,2964
17,14,5920
17,15,5825
17,16,5592
17,18,60
17,19,492
17,20,4208
17,21,5404
17,22,5309
17,23,7658
17,24,5349
17,25,4649
17,26,4646
17,27,2183
17,28,4381
17,29,3723
17,30,9390
17,31,9614
17,32,8635
17,33,8406
17,34,9929
17,35,9772
17,36,9125
17,37,9614
17,38,9636
17,39,9091
17,40,9342
17,41,8238
17,42,9017
17,43,9618
17,44,8192
17,45,9242
17,46,7526
17,47,7648
17,48,8924
17,49,11180
17,50,10914
17,51,10305
17,52,9527
17,53,8237
17,54,8135
17,55,9542
17,56,10475
17,57,10285
17,58,9176
17,59,9482
17,60,9226
17,61,9138
17,62,9440
17,63,10795
17,64,10474
17,65,7920
17,66,8778
17,67,7848
17,68,17653
17,69,17227
17,70,16090
17,71,15498
17,72,15821
17,73,15869
17,74,16460
17,75,17019
17,76,17243
17,77,18181
17,78,18540
17,79,18527
17,80,18284
17,81,18488
17,82,18403
17,83,18532
17,84,18782
17,85,18710
17,86,18766
17,91,15206
18,1,18535
18,2,16920
18,3,17489
18,4,16668
18,5,16332
18,6,16481
18,7,5586
18,8,1740
18,9,2096
18,10,1312
18,11,1212
18,12,2991
18,13,2904
18,14,5871
18,15,5770
18,16,5543
18,17,60
18,19,433
18,20,4149
18,21,5345
18,22,5250
18,23,7600
18,24,5292
18,25,4590
18,26,4586
18,27,2123
18,28,4322
18,29,3664
18,30,9384
18,31,9618
18,32,8624
18,33,8406
18,34,9916
18,35,9763
18,36,9117
18,37,9614
18,38,9636
18,39,9078
18,40,9339
18,41,8222
18,42,8995
18,43,9611
18,44,8188
18,45,9226
18,46,7512
18,47,7640
18,48,8906
18,49,11179
18,50,10914
18,51,10287
18,52,9522
18,53,8227
18,54,8127
18,55,9525
18,56,10468
18,57,10280
18,58,9165
18,59,9479
18,60,9207
18,61,9126
18,62,9428
18,63,10791
18,64,10467
18,65,7913
18,66,8787
18,67,7843
18,68,17695
18,69,17280
18,70,16127
18,71,15553
18,72,15871
18,73,15908
18,74,16481
18,75,17034
18,76,17260
18,77,18214
18,78,18575
18,79,18562
18,80,18309
18,81,18531
18,82,18451
18,83,18584
18,84,18837
18,85,18764
18,86,18825
18,91,15254
19,1,18773
19,2,16924
19,3,17535
19,4,16685
19,5,16478
19,6,16550
19,7,5351
19,8,1309
19,9,1764
19,10,1004
19,11,860
19,12,2629
19,13,2476
19,14,5486
19,15,5402
19,16,5227
19,17,492
19,18,433
19,20,3716
19,21,4936
19,22,4833
19,23,7168
19,24,4893
19,25,4160
19,26,4156
19,27,1703
19,28,3906
19,29,3231
19,30,9282
19,31,9587
19,32,8492
19,33,8347
19,34,9761
19,35,9641
19,36,8995
19,37,9553
19,38,9572
19,39,8926
19,40,9262
19,41,8052
19,42,8778
19,43,9497
19,44,8107
19,45,9057
19,46,7362
19,47,7531
19,48,8717
19,49,11110
19,50,10851
19,51,10096
19,52,9428
19,53,8097
19,54,8014
19,55,9340
19,56,10354
19,57,10179
19,58,9026
19,59,9396
19,60,9017
19,61,8985
19,62,9287
19,63,10700
19,64,10353
19,65,7814
19,66,8792
19,67,7749
19,68,17923
19,69,17623
19,70,16324
19,71,15914
19,72,16189
19,73,16132
19,74,16550
19,75,17047
19,76,17290
19,77,18356
19,78,18717
19,79,18707
19,80,18374
19,81,18753
19,82,18722
19,83,18904
19,84,19176
19,85,19094
19,86,19239
19,91,15558
20,1,16756
20,2,15307
20,3,15807
20,4,15257
20,5,16026
20,6,15511
20,7,4580
20,8,2429
20,9,2797
20,10,3246
20,11,3179
20,12,2010
20,13,1280
20,14,2847
20,15,2703
20,16,3264
20,17,4208
20,18,4149
20,19,3716
20,21,1687
20,22,1424
20,23,3510
20,24,1844
20,25,512
20,26,495
20,27,2085
20,28,906
20,29,496
20,30,8776
20,31,9606
20,32,7881
20,33,8369
20,34,8726
20,35,8893
20,36,8377
20,37,9332
20,38,9327
20,39,8062
20,40,8962
20,41,7193
20,42,7372
20,43,8851
20,44,8000
20,45,8022
20,46,6826
20,47,7306
20,48,7566
20,49,10540
20,50,10378
20,51,8695
20,52,8952
20,53,7580
20,54,7660
20,55,8123
20,56,9553
20,57,9515
20,58,8249
20,59,9027
20,60,7802
20,61,8201
20,62,8445
20,63,10026
20,64,9552
20,65,7611
20,66,9244
20,67,7605
20,68,16885
20,69,17781
20,70,16369
20,71,17989
20,72,17506
20,73,16518
20,74,15512
20,75,15423
20,76,15621
20,77,16430
20,78,16422
20,79,16431
20,80,16124
20,81,16700
20,82,16903
20,83,17001
20,84,16884
20,85,16914
20,86,17050
20,91,17071
21,1,15905
21,2,15196
21,3,15493
21,4,15248
21,5,16249
21,6,15616
21,7,6053
21,8,3787
21,9,4399
21,10,4714
21,11,4602
21,12,2489
21,13,2535
21,14,3868
21,15,1124
21,16,1961
21,17,5404
21,18,5345
21,19,4936
21,20,1687
21,22,324
21,23,3135
21,24,296
21,25,1215
21,26,1242
21,27,3239
21,28,1047
21,29,2092
21,30,10001
21,31,10940
21,32,9136
21,33,9777
21,34,9765
21,35,10026
21,36,9594
21,37,10610
21,38,10599
21,39,9218
21,40,10240
21,41,8420
21,42,8378
21,43,10024
21,44,9395
21,45,9119
21,46,8181
21,47,8713
21,48,8657
21,49,11609
21,50,11495
21,51,9586
21,52,10175
21,53,8887
21,54,9009
21,55,9141
21,56,10614
21,57,10631
21,58,9422
21,59,10280
21,60,8849
21,61,9375
21,62,9579
21,63,11097
21,64,10614
21,65,9005
21,66,10713
21,67,9014
21,68,16401
21,69,17238
21,70,16717
21,71,18698
21,72,18008
21,73,16992
21,74,15617
21,75,15276
21,76,15395
21,77,15786
21,78,15631
21,79,15643
21,80,15473
21,81,15866
21,82,16043
21,83,16031
21,84,15825
21,85,15883
21,86,15861
21,91,17981
22,1,15937
22,2,15076
22,3,15414
22,4,15111
22,5,16085
22,6,15464
22,7,5731
22,8,3640
22,9,4184
22,10,4544
22,11,4444
22,12,2489
22,13,2387
22,14,3550
22,15,1448
22,16,2267
22,17,5309
22,18,5250
22,19,4833
22,20,1424
22,21,324
22,23,2970
22,24,599
22,25,930
22,26,954
22,27,3129
22,28,930
22,29,1860
22,30,9683
22,31,10618
22,32,8816
22,33,9454
22,34,9460
22,35,9714
22,36,9276
22,37,10290
22,38,10279
22,39,8903
22,40,9920
22,41,8101
22,42,8073
22,43,9709
22,44,9071
22,45,8808
22,46,7858
22,47,8389
22,48,8346
22,49,11304
22,50,11186
22,51,9293
22,52,9857
22,53,8565
22,54,8686
22,55,8836
22,56,10308
22,57,10321
22,58,9106
22,59,9961
22,60,8541
22,61,9059
22,62,9266
22,63,10791
22,64,10308
22,65,8681
22,66,10389
22,67,8690
22,68,16369
22,69,17240
22,70,16539
22,71,18527
22,72,17839
22,73,16797
22,74,15464
22,75,15164
22,76,15299
22,77,15775
22,78,15647
22,79,15659
22,80,15458
22,81,15894
22,82,16079
22,83,16089
22,84,15899
22,85,15953
22,86,15965
22,91,17734
23,1,13258
23,2,12114
23,3,12491
23,4,12142
23,5,13119
23,6,12494
23,7,5195
23,8,5860
23,9,5865
23,10,6519
23,11,6509
23,12,5328
23,13,4790
23,14,2722
23,15,3855
23,16,4838
23,17,7658
23,18,7600
23,19,7168
23,20,3510
23,21,3135
23,22,2970
23,24,3401
23,25,3168
23,26,3160
23,27,5593
23,28,3726
23,29,3965
23,30,7881
23,31,8957
23,32,7172
23,33,8110
23,34,7344
23,35,7734
23,36,7500
23,37,8538
23,38,8513
23,39,7045
23,40,8206
23,41,6481
23,42,6037
23,43,7802
23,44,7738
23,45,6851
23,46,6576
23,47,7177
23,48,6427
23,49,9086
23,50,9053
23,51,6973
23,52,8033
23,53,7068
23,54,7278
23,55,6741
23,56,8157
23,57,8257
23,58,7259
23,59,8187
23,60,6523
23,61,7219
23,62,7331
23,63,8617
23,64,8158
23,65,7393
23,66,9116
23,67,7445
23,68,13510
23,69,14418
23,70,13583
23,71,15570
23,72,14879
23,73,13858
23,74,12495
23,75,12206
23,76,12355
23,77,12977
23,78,12930
23,79,12939
23,80,12663
23,81,13203
23,82,13405
23,83,13492
23,84,13377
23,85,13405
23,86,13564
23,91,14886
24,1,16009
24,2,15420
24,3,15688
24,4,15484
24,5,16498
24,6,15861
24,7,6295
24,8,3793
24,9,4473
24,10,4737
24,11,4613
24,12,2371
24,13,2555
24,14,4149
24,15,879
24,16,1670
24,17,5349
24,18,5292
24,19,4893
24,20,1844
24,21,296
24,22,599
24,23,3401
24,25,1410
24,26,1438
24,27,3212
24,28,1087
24,29,2206
24,30,10281
24,31,11211
24,32,9413
24,33,10036
24,34,10057
24,35,10313
24,36,9874
24,37,10887
24,38,10876
24,39,9502
24,40,10516
24,41,8698
24,42,8670
24,43,10309
24,44,9655
24,45,9407
24,46,8445
24,47,8971
24,48,8945
24,49,11900
24,50,11785
24,51,9881
24,52,10455
24,53,9158
24,54,9275
24,55,9432
24,56,10905
24,57,10920
24,58,9706
24,59,10558
24,60,9139
24,61,9658
24,62,9865
24,63,11388
24,64,10905
24,65,9265
24,66,10963
24,67,9272
24,68,16555
24,69,17357
24,70,16973
24,71,18930
24,72,18252
24,73,17257
24,74,15861
24,75,15495
24,76,15602
24,77,15927
24,78,15750
24,79,15763
24,80,15617
24,81,15974
24,82,16143
24,83,16110
24,84,15891
24,85,15954
24,86,15900
24,91,18269
25,1,16417
25,2,15157
25,3,15606
25,4,15136
25,5,15990
25,6,15429
25,7,4908
25,8,2894
25,9,3308
25,10,3740
25,11,3664
25,12,2190
25,13,1688
25,14,2946
25,15,2286
25,16,2949
25,17,4649
25,18,4590
25,19,4160
25,20,512
25,21,1215
25,22,930
25,23,3168
25,24,1410
25,26,30
25,27,2488
25,28,717
25,29,992
25,30,9008
25,31,9886
25,32,8122
25,33,8677
25,34,8887
25,35,9090
25,36,8604
25,37,9588
25,38,9581
25,39,8264
25,40,9217
25,41,7419
25,42,7513
25,43,9064
25,44,8301
25,45,8201
25,46,7106
25,47,7611
25,48,7740
25,49,10721
25,50,10576
25,51,8802
25,52,9184
25,53,7841
25,54,7940
25,55,8273
25,56,9726
25,57,9709
25,58,8459
25,59,9272
25,60,7961
25,61,8411
25,62,8640
25,63,10205
25,64,9726
25,65,7911
25,66,9582
25,67,7911
25,68,16657
25,69,17568
25,70,16380
25,71,18194
25,72,17610
25,73,16572
25,74,15430
25,75,15264
25,76,15442
25,77,16144
25,78,16094
25,79,16103
25,80,15830
25,81,16364
25,82,16564
25,83,16632
25,84,16488
25,85,16527
25,86,16622
25,91,17276
26,1,16412
26,2,15140
26,3,15592
26,4,15118
26,5,15968
26,6,15409
26,7,4878
26,8,2887
26,9,3292
26,10,3729
26,11,3655
26,12,2204
26,13,1686
26,14,2918
26,15,2315
26,16,2978
26,17,4646
26,18,4586
26,19,4156
26,20,495
26,21,1242
26,22,954
26,23,3160
26,24,1438
26,25,30
26,27,2487
26,28,742
26,29,979
26,30,8979
26,31,9856
26,32,8093
26,33,8648
26,34,8859
26,35,9061
26,36,8575
26,37,9558
26,38,9551
26,39,8235
26,40,9187
26,41,7390
26,42,7485
26,43,9035
26,44,8271
26,45,8172
26,46,7076
26,47,7581
26,48,7712
26,49,10693
26,50,10547
26,51,8774
26,52,9155
26,53,7812
26,54,7910
26,55,8245
26,56,9698
26,57,9680
26,58,8430
26,59,9242
26,60,7933
26,61,8382
26,62,8611
26,63,10177
26,64,9698
26,65,7881
26,66,9552
26,67,7882
26,68,16645
26,69,17556
26,70,16357
26,71,18166
26,72,17585
26,73,16548
26,74,15410
26,75,15248
26,76,15427
26,77,16135
26,78,16088
26,79,16097
26,80,15822
26,81,16359
26,82,16559
26,83,16630
26,84,16488
26,85,16526
26,86,16624
26,91,17248
27,1,18769
27,2,16872
27,3,17491
27,4,16727
27,5,17075
27,6,16816
27,7,5095
27,8,675
27,9,1718
27,10,1624
27,11,1460
27,12,1170
27,13,806
27,14,4378
27,15,3796
27,16,3799
27,17,2183
27,18,2123
27,19,1703
27,20,2085
27,21,3239
27,22,3129
27,23,5593
27,24,3212
27,25,2488
27,26,2487
27,28,2204
27,29,1634
27,30,9382
27,31,9950
27,32,8506
27,33,8656
27,34,9625
27,35,9640
27,36,9029
27,37,9801
27,38,9810
27,39,8838
27,40,9460
27,41,7926
27,42,8419
27,43,9540
27,44,8343
27,45,8891
27,46,7356
27,47,7683
27,48,8480
27,49,11258
27,50,11035
27,51,9791
27,52,9549
27,53,8138
27,54,8129
27,55,9097
27,56,10357
27,57,10242
27,58,8984
27,59,9567
27,60,8762
27,61,8938
27,62,9225
27,63,10780
27,64,10357
27,65,7991
27,66,9321
27,67,7950
27,68,18498
27,69,18933
27,70,17162
27,71,17472
27,72,17561
27,73,17106
27,74,16816
27,75,17006
27,76,17251
27,77,18320
27,78,18426
27,79,18431
27,80,18059
27,81,18706
27,82,18905
27,83,19064
27,84,18969
27,85,18998
27,86,19093
27,91,16908
28,1,16855
28,2,15809
28,3,16216
28,4,15806
28,5,16692
28,6,16116
28,7,5486
28,8,2740
28,9,3386
28,10,3669
28,11,3555
28,12,1613
28,13,1488
28,14,3649
28,15,1874
28,16,2360
28,17,4381
28,18,4322
28,19,3906
28,20,906
28,21,1047
28,22,930
28,23,3726
28,24,1087
28,25,717
28,26,742
28,27,2204
28,29,1155
28,30,9665
28,31,10509
28,32,8773
28,33,9275
28,34,9579
28,35,9766
28,36,9264
28,37,10229
28,38,10224
28,39,8937
28,40,9859
28,41,8079
28,42,8211
28,43,9732
28,44,8905
28,45,8885
28,46,7728
28,47,8212
28,48,8426
28,49,11407
28,50,11253
28,51,9510
28,52,9841
28,53,8478
28,54,8562
28,55,8968
28,56,10414
28,57,10388
28,58,9128
28,59,9921
28,60,8653
28,61,9080
28,62,9317
28,63,10891
28,64,10414
28,65,8516
28,66,10149
28,67,8511
28,68,17227
28,69,18124
28,70,17092
28,71,18881
28,72,18326
28,73,17289
28,74,16116
28,75,15910
28,76,16072
28,77,16661
28,78,16556
28,79,16567
28,80,16344
28,81,16810
28,82,16999
28,83,17017
28,84,16830
28,85,16883
28,86,16891
28,91,17958
29,1,17171
29,2,15576
29,3,16116
29,4,15501
29,5,16181
29,6,15717
29,7,4453
29,8,1937
29,9,2327
29,10,2752
29,11,2683
29,12,1773
29,13,847
29,14,3003
29,15,3026
29,16,3469
29,17,3723
29,18,3664
29,19,3231
29,20,496
29,21,2092
29,22,1860
29,23,3965
29,24,2206
29,25,992
29,26,979
29,27,1634
29,28,1155
29,30,8726
29,31,9500
29,32,7827
29,33,8237
29,34,8753
29,35,8880
29,36,8335
29,37,9253
29,38,9252
29,39,8049
29,40,8887
29,41,7160
29,42,7427
29,43,8823
29,44,7877
29,45,8034
29,46,6737
29,47,7185
29,48,7586
29,49,10535
29,50,10356
29,51,8775
29,52,8901
29,53,7506
29,54,7565
29,55,8165
29,56,9561
29,57,9503
29,58,8228
29,59,8963
29,60,7837
29,61,8179
29,62,8437
29,63,10025
29,64,9561
29,65,7493
29,66,9072
29,67,7479
29,68,17202
29,69,18058
29,70,16473
29,71,17853
29,72,17487
29,73,16579
29,74,15718
29,75,15699
29,76,15913
29,77,16804
29,78,16831
29,79,16838
29,80,16508
29,81,17111
29,82,17315
29,83,17437
29,84,17339
29,85,17364
29,86,17525
29,91,16970
30,1,9776
30,2,7693
30,3,8336
30,4,7482
30,5,7697
30,6,7471
30,7,4322
30,8,8878
30,9,7809
30,10,8367
30,11,8566
30,12,10310
30,13,9169
30,14,6133
30,15,11106
30,16,11935
30,17,9390
30,18,9384
30,19,9282
30,20,8776
30,21,10001
30,22,9683
30,23,7881
30,24,10281
30,25,9008
30,26,8979
30,27,9382
30,28,9665
30,29,8726
30,31,1088
30,32,899
30,33,1144
30,34,958
30,35,490
30,36,407
30,37,657
30,38,632
30,39,836
30,40,367
30,41,1589
30,42,1866
30,43,286
30,44,1225
30,45,1055
30,46,2028
30,47,1752
30,48,1454
30,49,1877
30,50,1656
30,51,1645
30,52,176
30,53,1246
30,54,1274
30,55,1290
30,56,1095
30,57,897
30,58,622
30,59,306
30,60,1399
30,61,663
30,62,609
30,63,1422
30,64,1094
30,65,1470
30,66,1655
30,67,1542
30,68,9150
30,69,9644
30,70,7851
30,71,9217
30,72,8763
30,73,7891
30,74,7472
30,75,7825
30,76,8080
30,77,9242
30,78,9551
30,79,9545
30,80,9148
30,81,9722
30,82,9830
30,83,10093
30,84,10284
30,85,10220
30,86,10640
30,91,8296
31,1,9355
31,2,7337
31,3,7959
31,4,7103
31,5,7141
31,6,7018
31,7,5047
31,8,9384
31,9,8290
31,10,8752
31,11,8957
31,12,10969
31,13,9847
31,14,7087
31,15,12059
31,16,12834
31,17,9614
31,18,9618
31,19,9587
31,20,9606
31,21,10940
31,22,10618
31,23,8957
31,24,11211
31,25,9886
31,26,9856
31,27,9950
31,28,10509
31,29,9500
31,30,1088
31,32,1830
31,33,1294
31,34,1887
31,35,1383
31,36,1457
31,37,448
31,38,484
31,39,1917
31,40,751
31,41,2551
31,42,2954
31,43,1239
31,44,1628
31,45,2143
31,46,2782
31,47,2317
31,48,2536
31,49,1643
31,50,1367
31,51,2532
31,52,960
31,53,2053
31,54,1947
31,55,2350
31,56,1486
31,57,1222
31,58,1706
31,59,785
31,60,2486
31,61,1744
31,62,1683
31,63,1453
31,64,1485
31,65,2007
31,66,965
31,67,2028
31,68,8648
31,69,9023
31,70,7221
31,71,8386
31,72,7996
31,73,7213
31,74,7019
31,75,7462
31,76,7708
31,77,8838
31,78,9175
31,79,9167
31,80,8795
31,81,9308
31,82,9387
31,83,9649
31,84,9869
31,85,9797
31,86,10209
31,91,7478
32,1,10615
32,2,8523
32,3,9170
32,4,8322
32,5,8578
32,6,8331
32,7,3430
32,8,8019
32,9,6963
32,10,7552
32,11,7747
32,12,9417
32,13,8275
32,14,5272
32,15,10248
32,16,11057
32,17,8635
32,18,8624
32,19,8492
32,20,7881
32,21,9136
32,22,8816
32,23,7172
32,24,9413
32,25,8122
32,26,8093
32,27,8506
32,28,8773
32,29,7827
32,30,899
32,31,1830
32,33,1083
32,34,1328
32,35,1152
32,36,522
32,37,1474
32,38,1463
32,39,540
32,40,1105
32,41,722
32,42,1380
32,43,1034
32,44,855
32,45,818
32,46,1154
32,47,1027
32,48,926
32,49,2755
32,50,2546
32,51,1883
32,52,1074
32,53,398
32,54,565
32,55,1198
32,56,1873
32,57,1736
32,58,550
32,59,1150
32,60,1069
32,61,518
32,62,813
32,63,2274
32,64,1873
32,65,841
32,66,2011
32,67,942
32,68,10016
32,69,10532
32,70,8744
32,71,10111
32,72,9661
32,73,8788
32,74,8332
32,75,8657
32,76,8912
32,77,10078
32,78,10377
32,79,10372
32,80,9968
32,81,10559
32,82,10676
32,83,10938
32,84,11119
32,85,11057
32,86,11478
32,91,9191
33,1,10627
33,2,8585
33,3,9216
33,4,8357
33,5,8432
33,6,8292
33,7,3791
33,8,8095
33,9,7002
33,10,7484
33,11,7688
33,12,9677
33,13,8559
33,14,5979
33,15,10901
33,16,11623
33,17,8406
33,18,8406
33,19,8347
33,20,8369
33,21,9777
33,22,9454
33,23,8110
33,24,10036
33,25,8677
33,26,8648
33,27,8656
33,28,9275
33,29,8237
33,30,1144
33,31,1294
33,32,1083
33,34,2049
33,35,1630
33,36,1143
33,37,1208
33,38,1230
33,39,1517
33,40,962
33,41,1659
33,42,2462
33,43,1429
33,44,386
33,45,1818
33,46,1610
33,47,1067
33,48,2008
33,49,2773
33,50,2508
33,51,2718
33,52,1218
33,53,1051
33,54,832
33,55,2173
33,56,2194
33,57,1955
33,58,1392
33,59,1115
33,60,2120
33,61,1395
33,62,1572
33,63,2417
33,64,2193
33,65,773
33,66,1008
33,67,766
33,68,9934
33,69,10317
33,70,8515
33,71,9632
33,72,9270
33,73,8504
33,74,8292
33,75,8712
33,76,8962
33,77,10105
33,78,10434
33,79,10427
33,80,10046
33,81,10578
33,82,10664
33,83,10927
33,84,11141
33,85,11070
33,86,11485
33,91,8734
34,1,9414
34,2,7320
34,3,7967
34,4,7136
34,5,7509
34,6,7191
34,7,4539
34,8,9190
34,9,8169
34,10,8799
34,11,8988
34,12,10438
34,13,9299
34,14,5946
34,15,10828
34,16,11726
34,17,9929
34,18,9916
34,19,9761
34,20,8726
34,21,9765
34,22,9460
34,23,7344
34,24,10057
34,25,8887
34,26,8859
34,27,9625
34,28,9579
34,29,8753
34,30,958
34,31,1887
34,32,1328
34,33,2049
34,35,511
34,36,936
34,37,1446
34,38,1407
34,39,838
34,40,1297
34,41,1721
34,42,1387
34,43,693
34,44,2024
34,45,734
34,46,2403
34,47,2355
34,48,1167
34,49,1844
34,50,1742
34,51,687
34,52,988
34,53,1720
34,54,1880
34,55,626
34,56,849
34,57,913
34,58,780
34,59,1173
34,60,926
34,61,810
34,62,522
34,63,1332
34,64,849
34,65,2143
34,66,2601
34,67,2237
34,68,8877
34,69,9477
34,70,7735
34,71,9308
34,72,8780
34,73,7826
34,74,7191
34,75,7455
34,76,7711
34,77,8875
34,78,9155
34,79,9151
34,80,8740
34,81,9355
34,82,9487
34,83,9745
34,84,9907
34,85,9850
34,86,10269
34,91,8389
35,1,9464
35,2,7371
35,3,8018
35,4,7171
35,5,7456
35,6,7189
35,7,4548
35,8,9165
35,9,8114
35,10,8704
35,11,8899
35,12,10518
35,13,9374
35,14,6171
35,15,11111
35,16,11979
35,17,9772
35,18,9763
35,19,9641
35,20,8893
35,21,10026
35,22,9714
35,23,7734
35,24,10313
35,25,9090
35,26,9061
35,27,9640
35,28,9766
35,29,8880
35,30,490
35,31,1383
35,32,1152
35,33,1630
35,34,511
35,36,647
35,37,938
35,38,900
35,39,832
35,40,797
35,41,1729
35,42,1705
35,43,204
35,44,1676
35,45,912
35,46,2303
35,47,2127
35,48,1371
35,49,1656
35,50,1487
35,51,1188
35,52,483
35,53,1545
35,54,1639
35,55,1004
35,56,722
35,57,623
35,58,658
35,59,665
35,60,1217
35,61,706
35,62,450
35,63,1150
35,64,721
35,65,1872
35,66,2098
35,67,1954
35,68,8875
35,69,9419
35,70,7644
35,71,9115
35,72,8623
35,73,7709
35,74,7189
35,75,7505
35,76,7761
35,77,8927
35,78,9224
35,79,9219
35,80,8815
35,81,9408
35,82,9526
35,83,9788
35,84,9967
35,85,9906
35,86,10326
35,91,8193
36,1,10098
36,2,8007
36,3,8653
36,4,7804
36,5,8056
36,6,7810
36,7,3951
36,8,8540
36,9,7482
36,10,8063
36,11,8258
36,12,9936
36,13,8793
36,14,5726
36,15,10699
36,16,11528
36,17,9125
36,18,9117
36,19,8995
36,20,8377
36,21,9594
36,22,9276
36,23,7500
36,24,9874
36,25,8604
36,26,8575
36,27,9029
36,28,9264
36,29,8335
36,30,407
36,31,1457
36,32,522
36,33,1143
36,34,936
36,35,647
36,37,1047
36,38,1027
36,39,471
36,40,707
36,41,1185
36,42,1518
36,43,512
36,44,1088
36,45,742
36,46,1675
36,47,1482
36,48,1084
36,49,2234
36,50,2029
36,51,1582
36,52,581
36,53,904
36,54,994
36,55,1054
36,56,1360
36,57,1214
36,58,278
36,59,699
36,60,1081
36,61,303
36,62,432
36,63,1752
36,64,1360
36,65,1236
36,66,1873
36,67,1323
36,68,9494
36,69,10011
36,70,8224
36,71,9618
36,72,9156
36,73,8273
36,74,7810
36,75,8141
36,76,8396
36,77,9561
36,78,9863
36,79,9858
36,80,9455
36,81,10043
36,82,10157
36,83,10420
36,84,10603
36,85,10540
36,86,10961
36,91,8696
37,1,9436
37,2,7382
37,3,8016
37,4,7157
37,5,7276
37,6,7106
37,7,4812
37,8,9262
37,9,8176
37,10,8681
37,11,8884
37,12,10781
37,13,9647
37,14,6745
37,15,11722
37,16,12528
37,17,9614
37,18,9614
37,19,9553
37,20,9332
37,21,10610
37,22,10290
37,23,8538
37,24,10887
37,25,9588
37,26,9558
37,27,9801
37,28,10229
37,29,9253
37,30,657
37,31,448
37,32,1474
37,33,1208
37,34,1446
37,35,938
37,36,1047
37,38,41
37,39,1493
37,40,371
37,41,2192
37,42,2519
37,43,791
37,44,1466
37,45,1704
37,46,2516
37,47,2120
37,48,2111
37,49,1566
37,50,1300
37,51,2103
37,52,515
37,53,1752
37,54,1695
37,55,1902
37,56,1149
37,57,881
37,58,1279
37,59,351
37,60,2045
37,61,1320
37,62,1238
37,63,1245
37,64,1148
37,65,1811
37,66,1249
37,67,1853
37,68,8763
37,69,9194
37,70,7391
37,71,8658
37,72,8235
37,73,7406
37,74,7106
37,75,7511
37,76,7762
37,77,8910
37,78,9235
37,79,9228
37,80,8844
37,81,9385
37,82,9478
37,83,9741
37,84,9949
37,85,9879
37,86,10297
37,91,7741
38,1,9421
38,2,7365
38,3,7999
38,4,7141
38,5,7266
38,6,7092
38,7,4813
38,8,9273
38,9,8188
38,10,8697
38,11,8900
38,12,10785
38,13,9651
38,14,6733
38,15,11710
38,16,12519
38,17,9636
38,18,9636
38,19,9572
38,20,9327
38,21,10599
38,22,10279
38,23,8513
38,24,10876
38,25,9581
38,26,9551
38,27,9810
38,28,10224
38,29,9252
38,30,632
38,31,484
38,32,1463
38,33,1230
38,34,1407
38,35,900
38,36,1027
38,37,41
38,39,1468
38,40,366
38,41,2180
38,42,2490
38,43,756
38,44,1479
38,45,1675
38,46,2516
38,47,2127
38,48,2086
38,49,1543
38,50,1280
38,51,2063
38,52,485
38,53,1748
38,54,1697
38,55,1868
38,56,1110
38,57,842
38,58,1254
38,59,329
38,60,2015
38,61,1295
38,62,1207
38,63,1214
38,64,1109
38,65,1820
38,66,1290
38,67,1864
38,68,8751
38,69,9187
38,70,7385
38,71,8662
38,72,8235
38,73,7402
38,74,7092
38,75,7494
38,76,7745
38,77,8894
38,78,9219
38,79,9212
38,80,8827
38,81,9370
38,82,9464
38,83,9727
38,84,9934
38,85,9865
38,86,10282
38,91,7745
39,1,10230
39,2,8135
39,3,8783
39,4,7944
39,5,8270
39,6,7982
39,7,3743
39,8,8383
39,9,7349
39,10,7969
39,11,8159
39,12,9695
39,13,8552
39,14,5355
39,15,10312
39,16,11165
39,17,9091
39,18,9078
39,19,8926
39,20,8062
39,21,9218
39,22,8903
39,23,7045
39,24,9502
39,25,8264
39,26,8235
39,27,8838
39,28,8937
39,29,8049
39,30,836
39,31,1917
39,32,540
39,33,1517
39,34,838
39,35,832
39,36,471
39,37,1493
39,38,1468
39,40,1171
39,41,912
39,42,1047
39,43,807
39,44,1362
39,45,302
39,46,1566
39,47,1552
39,48,619
39,49,2486
39,50,2317
39,51,1345
39,52,992
39,53,905
39,54,1104
39,55,670
39,56,1526
39,57,1455
39,58,214
39,59,1141
39,60,620
39,61,174
39,62,390
39,63,1978
39,64,1525
39,65,1381
39,66,2329
39,67,1482
39,68,9670
39,69,10236
39,70,8469
39,71,9944
39,72,9454
39,73,8538
39,74,7982
39,75,8270
39,76,8526
39,77,9692
39,78,9978
39,79,9974
39,80,9565
39,81,10173
39,82,10299
39,83,10559
39,84,10727
39,85,10669
39,86,11089
39,91,9021
40,1,9751
40,2,7685
40,3,8323
40,4,7465
40,5,7615
40,6,7428
40,7,4450
40,8,8930
40,9,7849
40,10,8373
40,11,8575
40,12,10426
40,13,9290
40,14,6377
40,15,11353
40,16,12157
40,17,9342
40,18,9339
40,19,9262
40,20,8962
40,21,10240
40,22,9920
40,23,8206
40,24,10516
40,25,9217
40,26,9187
40,27,9460
40,28,9859
40,29,8887
40,30,367
40,31,751
40,32,1105
40,33,962
40,34,1297
40,35,797
40,36,707
40,37,371
40,38,366
40,39,1171
40,41,1825
40,42,2214
40,43,604
40,44,1155
40,45,1411
40,46,2151
40,47,1779
40,48,1789
40,49,1849
40,50,1597
40,51,1982
40,52,315
40,53,1382
40,54,1337
40,55,1657
40,56,1242
40,57,996
40,58,962
40,59,158
40,60,1756
40,61,998
40,62,976
40,63,1460
40,64,1241
40,65,1475
40,66,1304
40,67,1526
40,68,9094
40,69,9543
40,70,7742
40,71,9028
40,72,8601
40,73,7763
40,74,7428
40,75,7815
40,76,8068
40,77,9222
40,78,9542
40,79,9535
40,80,9146
40,81,9699
40,82,9798
40,83,10061
40,84,10263
40,85,10195
40,86,10614
40,91,8111
41,1,11133
41,2,9039
41,3,9686
41,4,8851
41,5,9180
41,6,8893
41,7,2832
41,8,7475
41,9,6448
41,10,7083
41,11,7270
41,12,8789
41,13,7645
41,14,4553
41,15,9530
41,16,10347
41,17,8238
41,18,8222
41,19,8052
41,20,7193
41,21,8420
41,22,8101
41,23,6481
41,24,8698
41,25,7419
41,26,7390
41,27,7926
41,28,8079
41,29,7160
41,30,1589
41,31,2551
41,32,722
41,33,1659
41,34,1721
41,35,1729
41,36,1185
41,37,2192
41,38,2180
41,39,912
41,40,1825
41,42,1054
41,43,1663
41,44,1323
41,45,1005
41,46,762
41,47,1054
41,48,736
41,49,3382
41,50,3196
41,51,2082
41,52,1765
41,53,611
41,54,863
41,55,1315
41,56,2436
41,57,2348
41,58,1071
41,59,1860
41,60,1025
41,61,1023
41,62,1300
41,63,2879
41,64,2435
41,65,1081
41,66,2651
41,67,1173
41,68,10581
41,69,11145
41,70,9373
41,71,10803
41,72,10334
41,73,9435
41,74,8894
41,75,9174
41,76,9430
41,77,10595
41,78,10876
41,79,10872
41,80,10461
41,81,11075
41,82,11205
41,83,11464
41,84,11627
41,85,11570
41,86,11989
41,91,9881
42,1,10536
42,2,8469
42,3,9108
42,4,8309
42,5,8786
42,6,8413
42,7,3432
42,8,8047
42,9,7090
42,10,7784
42,11,7957
42,12,9149
42,13,8023
42,14,4568
42,15,9443
42,16,10339
42,17,9017
42,18,8995
42,19,8778
42,20,7372
42,21,8378
42,22,8073
42,23,6037
42,24,8670
42,25,7513
42,26,7485
42,27,8419
42,28,8211
42,29,7427
42,30,1866
42,31,2954
42,32,1380
42,33,2462
42,34,1387
42,35,1705
42,36,1518
42,37,2519
42,38,2490
42,39,1047
42,40,2214
42,41,1054
42,43,1765
42,44,2211
42,45,816
42,46,1782
42,47,2097
42,48,456
42,49,3231
42,50,3124
42,51,1372
42,52,2006
42,53,1541
42,54,1808
42,55,763
42,56,2236
42,57,2271
42,58,1252
42,59,2171
42,60,488
42,61,1218
42,62,1295
42,63,2719
42,64,2236
42,65,2069
42,66,3353
42,67,2169
42,68,10081
42,69,10746
42,70,9047
42,71,10681
42,72,10136
42,73,9159
42,74,8414
42,75,8604
42,76,8856
42,77,10003
42,78,10250
42,79,10248
42,80,9831
42,81,10474
42,82,10624
42,83,10874
42,84,11005
42,85,10958
42,86,11368
42,91,9765
43,1,9587
43,2,7497
43,3,8143
43,4,7293
43,5,7547
43,6,7298
43,7,4458
43,8,9052
43,9,7993
43,10,8570
43,11,8766
43,12,10439
43,13,9296
43,14,6161
43,15,11118
43,16,11971
43,17,9618
43,18,9611
43,19,9497
43,20,8851
43,21,10024
43,22,9709
43,23,7802
43,24,10309
43,25,9064
43,26,9035
43,27,9540
43,28,9732
43,29,8823
43,30,286
43,31,1239
43,32,1034
43,33,1429
43,34,693
43,35,204
43,36,512
43,37,791
43,38,756
43,39,807
43,40,604
43,41,1663
43,42,1765
43,44,1489
43,45,952
43,46,2187
43,47,1970
43,48,1394
43,49,1727
43,50,1533
43,51,1378
43,52,297
43,53,1414
43,54,1484
43,55,1113
43,56,857
43,57,702
43,58,605
43,59,484
43,60,1281
43,61,653
43,62,471
43,63,1240
43,64,857
43,65,1704
43,66,1908
43,67,1783
43,68,8982
43,69,9504
43,70,7721
43,71,9149
43,72,8672
43,73,7775
43,74,7298
43,75,7630
43,76,7886
43,77,9051
43,78,9353
43,79,9348
43,80,8947
43,81,9532
43,82,9646
43,83,9908
43,84,10092
43,85,10030
43,86,10450
43,91,8226
44,1,10900
44,2,8839
44,3,9475
44,4,8617
44,5,8736
44,6,8571
44,7,3426
44,8,7797
44,9,6710
44,10,7221
44,11,7423
44,12,9345
44,13,8220
44,14,5592
44,15,10519
44,16,11248
44,17,8192
44,18,8188
44,19,8107
44,20,8000
44,21,9395
44,22,9071
44,23,7738
44,24,9655
44,25,8301
44,26,8271
44,27,8343
44,28,8905
44,29,7877
44,30,1225
44,31,1628
44,32,855
44,33,386
44,34,2024
44,35,1676
44,36,1088
44,37,1466
44,38,1479
44,39,1362
44,40,1155
44,41,1323
44,42,2211
44,43,1489
44,45,1658
44,46,1224
44,47,694
44,48,1766
44,49,3003
44,50,2749
44,51,2657
44,52,1344
44,53,714
44,54,467
44,55,2032
44,56,2318
44,57,2104
44,58,1288
44,59,1290
44,60,1923
44,61,1278
44,62,1512
44,63,2603
44,64,2317
44,65,391
44,66,1386
44,67,400
44,68,10228
44,69,10641
44,70,8838
44,71,9998
44,72,9623
44,73,8837
44,74,8571
44,75,8968
44,76,9220
44,77,10372
44,78,10694
44,79,10688
44,80,10300
44,81,10849
44,82,10943
44,83,11206
44,84,11412
44,85,11344
44,86,11761
44,91,9096
45,1,10141
45,2,8048
45,3,8695
45,4,7866
45,5,8241
45,6,7924
45,7,3807
45,8,8460
45,9,7445
45,10,8087
45,11,8273
45,12,9709
45,13,8569
45,14,5271
45,15,10201
45,16,11074
45,17,9242
45,18,9226
45,19,9057
45,20,8022
45,21,9119
45,22,8808
45,23,6851
45,24,9407
45,25,8201
45,26,8172
45,27,8891
45,28,8885
45,29,8034
45,30,1055
45,31,2143
45,32,818
45,33,1818
45,34,734
45,35,912
45,36,742
45,37,1704
45,38,1675
45,39,302
45,40,1411
45,41,1005
45,42,816
45,43,952
45,44,1658
45,46,1729
45,47,1796
45,48,462
45,49,2521
45,50,2381
45,51,1110
45,52,1190
45,53,1149
45,54,1371
45,55,381
45,56,1531
45,57,1514
45,58,464
45,59,1358
45,60,345
45,61,442
45,62,481
45,63,2006
45,64,1531
45,65,1651
45,66,2614
45,67,1753
45,68,9610
45,69,10209
45,70,8461
45,71,9998
45,72,9486
45,73,8546
45,74,7925
45,75,8183
45,76,8439
45,77,9602
45,78,9878
45,79,9874
45,80,9462
45,81,10082
45,82,10215
45,83,10473
45,84,10631
45,85,10576
45,86,10994
45,91,9077
46,1,11767
46,2,9673
46,3,10320
46,4,9474
46,5,9725
46,6,9485
46,7,2300
46,8,6865
46,9,5811
46,10,6411
46,11,6603
46,12,8286
46,13,7146
46,14,4369
46,15,9304
46,16,10055
46,17,7526
46,18,7512
46,19,7362
46,20,6826
46,21,8181
46,22,7858
46,23,6576
46,24,8445
46,25,7106
46,26,7076
46,27,7356
46,28,7728
46,29,6737
46,30,2028
46,31,2782
46,32,1154
46,33,1610
46,34,2403
46,35,2303
46,36,1675
46,37,2516
46,38,2516
46,39,1566
46,40,2151
46,41,762
46,42,1782
46,43,2187
46,44,1224
46,45,1729
46,47,601
46,48,1499
46,49,3902
46,50,3684
46,51,2829
46,52,2198
46,53,783
46,54,834
46,55,2064
46,56,3025
46,57,2889
46,58,1667
46,59,2237
46,60,1786
46,61,1625
46,62,1925
46,63,3427
46,64,3024
46,65,842
46,66,2598
46,67,877
46,68,11169
46,69,11672
46,70,9877
46,71,11164
46,72,10751
46,73,9909
46,74,9485
46,75,9807
46,76,10063
46,77,11229
46,78,11525
46,79,11520
46,80,11114
46,81,11711
46,82,11829
46,83,12091
46,84,12269
46,85,12208
46,86,12629
46,91,10251
47,1,11520
47,2,9442
47,3,10084
47,4,9228
47,5,9393
47,6,9203
47,7,2733
47,8,7152
47,9,6073
47,10,6617
47,11,6816
47,12,8666
47,13,7537
47,14,4935
47,15,9837
47,16,10557
47,17,7648
47,18,7640
47,19,7531
47,20,7306
47,21,8713
47,22,8389
47,23,7177
47,24,8971
47,25,7611
47,26,7581
47,27,7683
47,28,8212
47,29,7185
47,30,1752
47,31,2317
47,32,1027
47,33,1067
47,34,2355
47,35,2127
47,36,1482
47,37,2120
47,38,2127
47,39,1552
47,40,1779
47,41,1054
47,42,2097
47,43,1970
47,44,694
47,45,1796
47,46,601
47,48,1718
47,49,3610
47,50,3369
47,51,2895
47,52,1902
47,53,649
47,54,487
47,55,2170
47,56,2827
47,57,2648
47,58,1575
47,59,1894
47,60,1960
47,61,1545
47,62,1836
47,63,3173
47,64,2827
47,65,311
47,66,2022
47,67,301
47,68,10872
47,69,11312
47,70,9509
47,71,10692
47,72,10314
47,73,9517
47,74,9203
47,75,9573
47,76,9827
47,77,10987
47,78,11300
47,79,11294
47,80,10898
47,81,11466
47,82,11570
47,83,11833
47,84,12029
47,85,11964
47,86,12383
47,91,9789
48,1,10525
48,2,8438
48,3,9083
48,4,8264
48,5,8671
48,6,8337
48,7,3416
48,8,8068
48,9,7072
48,10,7735
48,11,7916
48,12,9273
48,13,8136
48,14,4809
48,15,9740
48,16,10612
48,17,8924
48,18,8906
48,19,8717
48,20,7566
48,21,8657
48,22,8346
48,23,6427
48,24,8945
48,25,7740
48,26,7712
48,27,8480
48,28,8426
48,29,7586
48,30,1454
48,31,2536
48,32,926
48,33,2008
48,34,1167
48,35,1371
48,36,1084
48,37,2111
48,38,2086
48,39,619
48,40,1789
48,41,736
48,42,456
48,43,1394
48,44,1766
48,45,462
48,46,1499
48,47,1718
48,49,2981
48,50,2843
48,51,1381
48,52,1606
48,53,1121
48,54,1383
48,55,626
48,56,1988
48,57,1976
48,58,832
48,59,1760
48,60,302
48,61,793
48,62,930
48,63,2465
48,64,1988
48,65,1654
48,66,2900
48,67,1756
48,68,10019
48,69,10639
48,70,8902
48,71,10458
48,72,9941
48,73,8993
48,74,8338
48,75,8574
48,76,8829
48,77,9987
48,78,10253
48,79,10250
48,80,9835
48,81,10464
48,82,10604
48,83,10860
48,84,11008
48,85,10956
48,86,11371
48,91,9537
49,1,7909
49,2,5837
49,3,6477
49,4,5620
49,5,5823
49,6,5596
49,7,6184
49,8,10754
49,9,9682
49,10,10220
49,11,10421
49,12,12166
49,13,11023
49,14,7786
49,15,12665
49,16,13570
49,17,11180
49,18,11179
49,19,11110
49,20,10540
49,21,11609
49,22,11304
49,23,9086
49,24,11900
49,25,10721
49,26,10693
49,27,11258
49,28,11407
49,29,10535
49,30,1877
49,31,1643
49,32,2755
49,33,2773
49,34,1844
49,35,1656
49,36,2234
49,37,1566
49,38,1543
49,39,2486
49,40,1849
49,41,3382
49,42,3231
49,43,1727
49,44,3003
49,45,2521
49,46,3902
49,47,3610
49,48,2981
49,50,277
49,51,2113
49,52,1714
49,53,3121
49,54,3144
49,55,2468
49,56,997
49,57,1033
49,58,2311
49,59,1720
49,60,2766
49,61,2359
49,62,2099
49,63,516
49,64,997
49,65,3314
49,66,2594
49,67,3371
49,68,7273
49,69,7778
49,70,5995
49,71,7477
49,72,6971
49,73,6054
49,74,5596
49,75,5968
49,76,6221
49,77,7378
49,78,7695
49,79,7688
49,80,7297
49,81,7857
49,82,7960
49,83,8223
49,84,8420
49,85,8353
49,86,8773
49,91,6556
50,1,8154
50,2,6089
50,3,6726
50,4,5868
50,5,6042
50,6,5834
50,7,5976
50,8,10520
50,9,9443
50,10,9970
50,11,10172
50,12,11964
50,13,10821
50,14,7652
50,15,12567
50,16,13453
50,17,10914
50,18,10914
50,19,10851
50,20,10378
50,21,11495
50,22,11186
50,23,9053
50,24,11785
50,25,10576
50,26,10547
50,27,11035
50,28,11253
50,29,10356
50,30,1656
50,31,1367
50,32,2546
50,33,2508
50,34,1742
50,35,1487
50,36,2029
50,37,1300
50,38,1280
50,39,2317
50,40,1597
50,41,3196
50,42,3124
50,43,1533
50,44,2749
50,45,2381
50,46,3684
50,47,3369
50,48,2843
50,49,277
50,51,2097
50,52,1487
50,53,2901
50,54,2910
50,55,2367
50,56,900
50,57,868
50,58,2130
50,59,1476
50,60,2648
50,61,2179
50,62,1936
50,63,439
50,64,900
50,65,3069
50,66,2319
50,67,3123
50,68,7505
50,69,7988
50,70,6197
50,71,7628
50,72,7141
50,73,6244
50,74,5834
50,75,6219
50,76,6471
50,77,7625
50,78,7945
50,79,7939
50,80,7550
50,81,8102
50,82,8202
50,83,8465
50,84,8666
50,85,8598
50,86,9017
50,91,6706
51,1,9174
51,2,7100
51,3,7741
51,4,6938
51,5,7423
51,6,7042
51,7,4775
51,8,9412
51,9,8437
51,10,9111
51,11,9290
51,12,10511
51,13,9389
51,14,5861
51,15,10605
51,16,11540
51,17,10305
51,18,10287
51,19,10096
51,20,8695
51,21,9586
51,22,9293
51,23,6973
51,24,9881
51,25,8802
51,26,8774
51,27,9791
51,28,9510
51,29,8775
51,30,1645
51,31,2532
51,32,1883
51,33,2718
51,34,687
51,35,1188
51,36,1582
51,37,2103
51,38,2063
51,39,1345
51,40,1982
51,41,2082
51,42,1372
51,43,1378
51,44,2657
51,45,1110
51,46,2829
51,47,2895
51,48,1381
51,49,2113
51,50,2097
51,52,1670
51,53,2247
51,54,2447
51,55,768
51,56,1235
51,57,1414
51,58,1371
51,59,1853
51,60,1080
51,61,1387
51,62,1150
51,63,1658
51,64,1236
51,65,2723
51,66,3285
51,67,2822
51,68,8708
51,69,9379
51,70,7699
51,71,9397
51,72,8823
51,73,7825
51,74,7042
51,75,7235
51,76,7488
51,77,8639
51,78,8893
51,79,8891
51,80,8475
51,81,9113
51,82,9259
51,83,9511
51,84,9650
51,85,9600
51,86,10012
51,91,8492
52,1,9619
52,2,7539
52,3,8182
52,4,7327
52,5,7529
52,6,7310
52,7,4494
52,8,9040
52,9,7968
52,10,8519
52,11,8718
52,12,10482
52,13,9341
52,14,6307
52,15,11278
52,16,12109
52,17,9527
52,18,9522
52,19,9428
52,20,8952
52,21,10175
52,22,9857
52,23,8033
52,24,10455
52,25,9184
52,26,9155
52,27,9549
52,28,9841
52,29,8901
52,30,176
52,31,960
52,32,1074
52,33,1218
52,34,988
52,35,483
52,36,581
52,37,515
52,38,485
52,39,992
52,40,315
52,41,1765
52,42,2006
52,43,297
52,44,1344
52,45,1190
52,46,2198
52,47,1902
52,48,1606
52,49,1714
52,50,1487
52,51,1670
52,53,1415
52,54,1430
52,55,1392
52,56,981
52,57,761
52,58,778
52,59,188
52,60,1530
52,61,822
52,62,723
52,63,1272
52,64,980
52,65,1614
52,66,1615
52,67,1680
52,68,8987
52,69,9474
52,70,7680
52,71,9041
52,72,8587
52,73,7718
52,74,7311
52,75,7671
52,76,7925
52,77,9086
52,78,9398
52,79,9392
52,80,8996
52,81,9566
52,82,9672
52,83,9935
52,84,10129
52,85,10063
52,86,10483
52,91,8120
53,1,11001
53,2,8911
53,3,9557
53,4,8707
53,5,8942
53,6,8709
53,7,3081
53,8,7640
53,9,6579
53,10,7160
53,11,7355
53,12,9068
53,13,7928
53,14,5038
53,15,10006
53,16,10786
53,17,8237
53,18,8227
53,19,8097
53,20,7580
53,21,8887
53,22,8565
53,23,7068
53,24,9158
53,25,7841
53,26,7812
53,27,8138
53,28,8478
53,29,7506
53,30,1246
53,31,2053
53,32,398
53,33,1051
53,34,1720
53,35,1545
53,36,904
53,37,1752
53,38,1748
53,39,905
53,40,1382
53,41,611
53,42,1541
53,43,1414
53,44,714
53,45,1149
53,46,783
53,47,649
53,48,1121
53,49,3121
53,50,2901
53,51,2247
53,52,1415
53,54,268
53,55,1526
53,56,2263
53,57,2114
53,58,945
53,59,1458
53,60,1335
53,61,911
53,62,1209
53,63,2650
53,64,2262
53,65,532
53,66,2051
53,67,634
53,68,10391
53,69,10889
53,70,9095
53,71,10409
53,72,9981
53,73,9129
53,74,8709
53,75,9044
53,76,9300
53,77,10465
53,78,10766
53,79,10761
53,80,10359
53,81,10946
53,82,11060
53,83,11322
53,84,11506
53,85,11444
53,86,11865
53,91,9493
54,1,11049
54,2,8966
54,3,9610
54,4,8756
54,5,8947
54,6,8740
54,7,3118
54,8,7611
54,9,6538
54,10,7094
54,11,7292
54,12,9089
54,13,7953
54,14,5180
54,15,10131
54,16,10888
54,17,8135
54,18,8127
54,19,8014
54,20,7660
54,21,9009
54,22,8686
54,23,7278
54,24,9275
54,25,7940
54,26,7910
54,27,8129
54,28,8562
54,29,7565
54,30,1274
54,31,1947
54,32,565
54,33,832
54,34,1880
54,35,1639
54,36,994
54,37,1695
54,38,1697
54,39,1104
54,40,1337
54,41,863
54,42,1808
54,43,1484
54,44,467
54,45,1371
54,46,834
54,47,487
54,48,1383
54,49,3144
54,50,2910
54,51,2447
54,52,1430
54,53,268
54,55,1752
54,56,2342
54,57,2167
54,58,1101
54,59,1439
54,60,1584
54,61,1075
54,62,1359
54,63,2696
54,64,2341
54,65,281
54,66,1839
54,67,383
54,68,10415
54,69,10880
54,70,9079
54,71,10331
54,72,9925
54,73,9100
54,74,8740
54,75,9099
54,76,9353
54,77,10515
54,78,10825
54,79,10819
54,80,10421
54,81,10995
54,82,11102
54,83,11365
54,84,11558
54,85,11493
54,86,11913
54,91,9420
55,1,9899
55,2,7814
55,3,8459
55,4,7642
55,5,8069
55,6,7722
55,7,4042
55,8,8692
55,9,7699
55,10,8360
55,11,8542
55,12,9870
55,13,8736
55,14,5329
55,15,10202
55,16,11102
55,17,9542
55,18,9525
55,19,9340
55,20,8123
55,21,9141
55,22,8836
55,23,6741
55,24,9432
55,25,8273
55,26,8245
55,27,9097
55,28,8968
55,29,8165
55,30,1290
55,31,2350
55,32,1198
55,33,2173
55,34,626
55,35,1004
55,36,1054
55,37,1902
55,38,1868
55,39,670
55,40,1657
55,41,1315
55,42,763
55,43,1113
55,44,2032
55,45,381
55,46,2064
55,47,2170
55,48,626
55,49,2468
55,50,2367
55,51,768
55,52,1392
55,53,1526
55,54,1752
55,56,1475
55,57,1526
55,58,784
55,59,1575
55,60,335
55,61,777
55,62,681
55,63,1957
55,64,1475
55,65,2032
55,66,2915
55,67,2134
55,68,9401
55,69,10035
55,70,8314
55,71,9922
55,72,9383
55,73,8417
55,74,7723
55,75,7950
55,76,8204
55,77,9362
55,78,9626
55,79,9623
55,80,9209
55,81,9839
55,82,9980
55,83,10235
55,84,10382
55,85,10330
55,86,10745
55,91,9004
56,1,8742
56,2,6650
56,3,7296
56,4,6449
56,5,6745
56,6,6468
56,7,5263
56,8,9886
56,9,8836
56,10,9423
56,11,9618
56,12,11220
56,13,10077
56,14,6789
56,15,11677
56,16,12575
56,17,10475
56,18,10468
56,19,10354
56,20,9553
56,21,10614
56,22,10308
56,23,8157
56,24,10905
56,25,9726
56,26,9698
56,27,10357
56,28,10414
56,29,9561
56,30,1095
56,31,1486
56,32,1873
56,33,2194
56,34,849
56,35,722
56,36,1360
56,37,1149
56,38,1110
56,39,1526
56,40,1242
56,41,2436
56,42,2236
56,43,857
56,44,2318
56,45,1531
56,46,3025
56,47,2827
56,48,1988
56,49,997
56,50,900
56,51,1235
56,52,981
56,53,2263
56,54,2342
56,55,1475
56,57,268
56,58,1373
56,59,1084
56,60,1769
56,61,1419
56,62,1136
56,63,483
56,64,1
56,65,2558
56,66,2395
56,67,2633
56,68,8156
56,69,8710
56,70,6945
56,71,8471
56,72,7955
56,73,7020
56,74,6469
56,75,6783
56,76,7039
56,77,8205
56,78,8504
56,79,8499
56,80,8096
56,81,8686
56,82,8805
56,83,9066
56,84,9246
56,85,9184
56,86,9605
56,91,7550
57,1,8889
57,2,6802
57,3,7447
57,4,6595
57,5,6846
57,6,6596
57,7,5157
57,8,9753
57,9,8692
57,10,9261
57,11,9458
57,12,11135
57,13,9991
57,14,6784
57,15,11708
57,16,12588
57,17,10285
57,18,10280
57,19,10179
57,20,9515
57,21,10631
57,22,10321
57,23,8257
57,24,10920
57,25,9709
57,26,9680
57,27,10242
57,28,10388
57,29,9503
57,30,897
57,31,1222
57,32,1736
57,33,1955
57,34,913
57,35,623
57,36,1214
57,37,881
57,38,842
57,39,1455
57,40,996
57,41,2348
57,42,2271
57,43,702
57,44,2104
57,45,1514
57,46,2889
57,47,2648
57,48,1976
57,49,1033
57,50,868
57,51,1414
57,52,761
57,53,2114
57,54,2167
57,55,1526
57,56,268
57,58,1277
57,59,840
57,60,1790
57,61,1325
57,62,1071
57,63,538
57,64,267
57,65,2367
57,66,2127
57,67,2437
57,68,8280
57,69,8806
57,70,7026
57,71,8494
57,72,7999
57,73,7087
57,74,6596
57,75,6935
57,76,7190
57,77,8354
57,78,8660
57,79,8654
57,80,8255
57,81,8835
57,82,8947
57,83,9209
57,84,9396
57,85,9332
57,86,9753
57,91,7572
58,1,10105
58,2,8010
58,3,8658
58,4,7815
58,5,8114
58,6,7841
58,7,3892
58,8,8516
58,9,7473
58,10,8078
58,11,8270
58,12,9859
58,13,8716
58,14,5557
58,15,10519
58,16,11366
58,17,9176
58,18,9165
58,19,9026
58,20,8249
58,21,9422
58,22,9106
58,23,7259
58,24,9706
58,25,8459
58,26,8430
58,27,8984
58,28,9128
58,29,8228
58,30,622
58,31,1706
58,32,550
58,33,1392
58,34,780
58,35,658
58,36,278
58,37,1279
58,38,1254
58,39,214
58,40,962
58,41,1071
58,42,1252
58,43,605
58,44,1288
58,45,464
58,46,1667
58,47,1575
58,48,832
58,49,2311
58,50,2130
58,51,1371
58,52,778
58,53,945
58,54,1101
58,55,784
58,56,1373
58,57,1277
58,59,928
58,60,805
58,61,48
58,62,264
58,63,1808
58,64,1372
58,65,1368
58,66,2152
58,67,1463
58,68,9528
58,69,10077
58,70,8302
58,71,9753
58,72,9271
58,73,8364
58,74,7841
58,75,8145
58,76,8401
58,77,9567
58,78,9859
58,79,9855
58,80,9448
58,81,10048
58,82,10170
58,83,10431
58,84,10605
58,85,10546
58,86,10966
58,91,8830
59,1,9628
59,2,7557
59,3,8196
59,4,7339
59,5,7508
59,6,7309
59,7,4537
59,8,9045
59,9,7967
59,10,8500
59,11,8701
59,12,10521
59,13,9382
59,14,6413
59,15,11388
59,16,12206
59,17,9482
59,18,9479
59,19,9396
59,20,9027
59,21,10280
59,22,9961
59,23,8187
59,24,10558
59,25,9272
59,26,9242
59,27,9567
59,28,9921
59,29,8963
59,30,306
59,31,785
59,32,1150
59,33,1115
59,34,1173
59,35,665
59,36,699
59,37,351
59,38,329
59,39,1141
59,40,158
59,41,1860
59,42,2171
59,43,484
59,44,1290
59,45,1358
59,46,2237
59,47,1894
59,48,1760
59,49,1720
59,50,1476
59,51,1853
59,52,188
59,53,1458
59,54,1439
59,55,1575
59,56,1084
59,57,840
59,58,928
59,60,1701
59,61,968
59,62,901
59,63,1315
59,64,1084
59,65,1594
59,66,1434
59,67,1651
59,68,8979
59,69,9443
59,70,7645
59,71,8963
59,72,8524
59,73,7673
59,74,7309
59,75,7687
59,76,7941
59,77,9097
59,78,9415
59,79,9408
59,80,9017
59,81,9576
59,82,9677
59,83,9940
59,84,10139
59,85,10072
59,86,10492
59,91,8044
60,1,10232
60,2,8148
60,3,8793
60,4,7977
60,5,8402
60,6,8058
60,7,3709
60,8,8358
60,9,7368
60,10,8034
60,11,8215
60,12,9538
60,13,8403
60,14,5021
60,15,9920
60,16,10808
60,17,9226
60,18,9207
60,19,9017
60,20,7802
60,21,8849
60,22,8541
60,23,6523
60,24,9139
60,25,7961
60,26,7933
60,27,8762
60,28,8653
60,29,7837
60,30,1399
60,31,2486
60,32,1069
60,33,2120
60,34,926
60,35,1217
60,36,1081
60,37,2045
60,38,2015
60,39,620
60,40,1756
60,41,1025
60,42,488
60,43,1281
60,44,1923
60,45,345
60,46,1786
60,47,1960
60,48,302
60,49,2766
60,50,2648
60,51,1080
60,52,1530
60,53,1335
60,54,1584
60,55,335
60,56,1769
60,57,1790
60,58,805
60,59,1701
60,61,778
60,62,812
60,63,2252
60,64,1769
60,65,1862
60,66,2949
60,67,1965
60,68,9737
60,69,10369
60,70,8644
60,71,10234
60,72,9703
60,73,8743
60,74,8058
60,75,8284
60,76,8539
60,77,9696
60,78,9958
60,79,9955
60,80,9541
60,81,10172
60,82,10313
60,83,10568
60,84,10714
60,85,10662
60,86,11077
60,91,9315
61,1,10149
61,2,8054
61,3,8701
61,4,7859
61,5,8161
61,6,7886
61,7,3845
61,8,8471
61,9,7429
61,10,8036
61,11,8228
61,12,9812
61,13,8668
61,14,5510
61,15,10472
61,16,11319
61,17,9138
61,18,9126
61,19,8985
61,20,8201
61,21,9375
61,22,9059
61,23,7219
61,24,9658
61,25,8411
61,26,8382
61,27,8938
61,28,9080
61,29,8179
61,30,663
61,31,1744
61,32,518
61,33,1395
61,34,810
61,35,706
61,36,303
61,37,1320
61,38,1295
61,39,174
61,40,998
61,41,1023
61,42,1218
61,43,653
61,44,1278
61,45,442
61,46,1625
61,47,1545
61,48,793
61,49,2359
61,50,2179
61,51,1387
61,52,822
61,53,911
61,54,1075
61,55,777
61,56,1419
61,57,1325
61,58,48
61,59,968
61,60,778
61,62,302
61,63,1856
61,64,1418
61,65,1344
61,66,2173
61,67,1441
61,68,9574
61,69,10124
61,70,8350
61,71,9801
61,72,9319
61,73,8412
61,74,7886
61,75,8188
61,76,8444
61,77,9611
61,78,9902
61,79,9898
61,80,9491
61,81,10092
61,82,10215
61,83,10476
61,84,10649
61,85,10589
61,86,11009
61,91,8878
62,1,9853
62,2,7757
62,3,8405
62,4,7564
62,5,7881
62,6,7596
62,7,4130
62,8,8765
62,9,7726
62,10,8336
62,11,8527
62,12,10085
62,13,8942
62,14,5723
62,15,10667
62,16,11531
62,17,9440
62,18,9428
62,19,9287
62,20,8445
62,21,9579
62,22,9266
62,23,7331
62,24,9865
62,25,8640
62,26,8611
62,27,9225
62,28,9317
62,29,8437
62,30,609
62,31,1683
62,32,813
62,33,1572
62,34,522
62,35,450
62,36,432
62,37,1238
62,38,1207
62,39,390
62,40,976
62,41,1300
62,42,1295
62,43,471
62,44,1512
62,45,481
62,46,1925
62,47,1836
62,48,930
62,49,2099
62,50,1936
62,51,1150
62,52,723
62,53,1209
62,54,1359
62,55,681
62,56,1136
62,57,1071
62,58,264
62,59,901
62,60,812
62,61,302
62,63,1589
62,64,1135
62,65,1621
62,66,2242
62,67,1715
62,68,9284
62,69,9846
62,70,8079
62,71,9564
62,72,9069
62,73,8149
62,74,7597
62,75,7892
62,76,8148
62,77,9314
62,78,9604
62,79,9599
62,80,9192
62,81,9795
62,82,9919
62,83,10180
62,84,10351
62,85,10292
62,86,10712
62,91,8642
63,1,8355
63,2,6271
63,3,6915
63,4,6061
63,5,6310
63,6,6059
63,7,5694
63,8,10290
63,9,9227
63,10,9789
63,11,9988
63,12,11668
63,13,10524
63,14,7270
63,15,12159
63,16,13058
63,17,10795
63,18,10791
63,19,10700
63,20,10026
63,21,11097
63,22,10791
63,23,8617
63,24,11388
63,25,10205
63,26,10177
63,27,10780
63,28,10891
63,29,10025
63,30,1422
63,31,1453
63,32,2274
63,33,2417
63,34,1332
63,35,1150
63,36,1752
63,37,1245
63,38,1214
63,39,1978
63,40,1460
63,41,2879
63,42,2719
63,43,1240
63,44,2603
63,45,2006
63,46,3427
63,47,3173
63,48,2465
63,49,516
63,50,439
63,51,1658
63,52,1272
63,53,2650
63,54,2696
63,55,1957
63,56,483
63,57,538
63,58,1808
63,59,1315
63,60,2252
63,61,1856
63,62,1589
63,64,483
63,65,2886
63,66,2414
63,67,2951
63,68,7742
63,69,8270
63,70,6494
63,71,7993
63,72,7484
63,73,6560
63,74,6059
63,75,6403
63,76,6658
63,77,7821
63,78,8129
63,79,8123
63,80,7726
63,81,8301
63,82,8411
63,83,8674
63,84,8863
63,85,8799
63,86,9219
63,91,7072
64,1,8743
64,2,6650
64,3,7297
64,4,6450
64,5,6745
64,6,6469
64,7,5263
64,8,9886
64,9,8835
64,10,9422
64,11,9618
64,12,11219
64,13,10076
64,14,6789
64,15,11677
64,16,12575
64,17,10474
64,18,10467
64,19,10353
64,20,9552
64,21,10614
64,22,10308
64,23,8158
64,24,10905
64,25,9726
64,26,9698
64,27,10357
64,28,10414
64,29,9561
64,30,1094
64,31,1485
64,32,1873
64,33,2193
64,34,849
64,35,721
64,36,1360
64,37,1148
64,38,1109
64,39,1525
64,40,1241
64,41,2435
64,42,2236
64,43,857
64,44,2317
64,45,1531
64,46,3024
64,47,2827
64,48,1988
64,49,997
64,50,900
64,51,1236
64,52,980
64,53,2262
64,54,2341
64,55,1475
64,56,1
64,57,267
64,58,1372
64,59,1084
64,60,1769
64,61,1418
64,62,1135
64,63,483
64,65,2557
64,66,2394
64,67,2632
64,68,8156
64,69,8711
64,70,6945
64,71,8471
64,72,7955
64,73,7021
64,74,6469
64,75,6784
64,76,7040
64,77,8206
64,78,8504
64,79,8499
64,80,8096
64,81,8687
64,82,8805
64,83,9067
64,84,9246
64,85,9185
64,86,9605
64,91,7551
65,1,11222
65,2,9149
65,3,9790
65,4,8933
65,5,9086
65,6,8902
65,7,3041
65,8,7456
65,9,6375
65,10,6908
65,11,7108
65,12,8977
65,13,7848
65,14,5208
65,15,10129
65,16,10858
65,17,7920
65,18,7913
65,19,7814
65,20,7611
65,21,9005
65,22,8681
65,23,7393
65,24,9265
65,25,7911
65,26,7881
65,27,7991
65,28,8516
65,29,7493
65,30,1470
65,31,2007
65,32,841
65,33,773
65,34,2143
65,35,1872
65,36,1236
65,37,1811
65,38,1820
65,39,1381
65,40,1475
65,41,1081
65,42,2069
65,43,1704
65,44,391
65,45,1651
65,46,842
65,47,311
65,48,1654
65,49,3314
65,50,3069
65,51,2723
65,52,1614
65,53,532
65,54,281
65,55,2032
65,56,2558
65,57,2367
65,58,1368
65,59,1594
65,60,1862
65,61,1344
65,62,1621
65,63,2886
65,64,2557
65,66,1757
65,67,103
65,68,10568
65,69,11003
65,70,9200
65,71,10385
65,72,10004
65,73,9207
65,74,8902
65,75,9280
65,76,9534
65,77,10691
65,78,11007
65,79,11001
65,80,10608
65,81,11170
65,82,11271
65,83,11534
65,84,11733
65,85,11667
65,86,12086
65,91,9481
66,1,10097
66,2,8140
66,3,8743
66,4,7896
66,5,7823
66,6,7771
66,7,4674
66,8,8717
66,9,7621
66,10,8012
66,11,8219
66,12,10401
66,13,9315
66,14,6957
66,15,11836
66,16,12508
66,17,8778
66,18,8787
66,19,8792
66,20,9244
66,21,10713
66,22,10389
66,23,9116
66,24,10963
66,25,9582
66,26,9552
66,27,9321
66,28,10149
66,29,9072
66,30,1655
66,31,965
66,32,2011
66,33,1008
66,34,2601
66,35,2098
66,36,1873
66,37,1249
66,38,1290
66,39,2329
66,40,1304
66,41,2651
66,42,3353
66,43,1908
66,44,1386
66,45,2614
66,46,2598
66,47,2022
66,48,2900
66,49,2594
66,50,2319
66,51,3285
66,52,1615
66,53,2051
66,54,1839
66,55,2915
66,56,2395
66,57,2127
66,58,2152
66,59,1434
66,60,2949
66,61,2173
66,62,2242
66,63,2414
66,64,2394
66,65,1757
66,67,1726
66,68,9345
66,69,9625
66,70,7844
66,71,8783
66,72,8476
66,73,7794
66,74,7771
66,75,8260
66,76,8499
66,77,9597
66,78,9945
66,79,9936
66,80,9582
66,81,10054
66,82,10115
66,83,10373
66,84,10608
66,85,10532
66,86,10934
66,91,7907
67,1,11277
67,2,9208
67,3,9847
67,4,8990
67,5,9128
67,6,8953
67,7,3029
67,8,7409
67,9,6325
67,10,6849
67,11,7050
67,12,8946
67,13,7821
67,14,5231
67,15,10138
67,16,10857
67,17,7848
67,18,7843
67,19,7749
67,20,7605
67,21,9014
67,22,8690
67,23,7445
67,24,9272
67,25,7911
67,26,7882
67,27,7950
67,28,8511
67,29,7479
67,30,1542
67,31,2028
67,32,942
67,33,766
67,34,2237
67,35,1954
67,36,1323
67,37,1853
67,38,1864
67,39,1482
67,40,1526
67,41,1173
67,42,2169
67,43,1783
67,44,400
67,45,1753
67,46,877
67,47,301
67,48,1756
67,49,3371
67,50,3123
67,51,2822
67,52,1680
67,53,634
67,54,383
67,55,2134
67,56,2633
67,57,2437
67,58,1463
67,59,1651
67,60,1965
67,61,1441
67,62,1715
67,63,2951
67,64,2632
67,65,103
67,66,1726
67,68,10615
67,69,11037
67,70,9234
67,71,10395
67,72,10022
67,73,9236
67,74,8953
67,75,9338
67,76,9592
67,77,10747
67,78,11066
67,79,11059
67,80,10668
67,81,11225
67,82,11323
67,83,11587
67,84,11789
67,85,11721
67,86,12140
67,91,9493
68,1,851
68,2,1655
68,3,1086
68,4,1778
68,5,1524
68,6,1688
68,7,13412
68,8,18024
68,9,16936
68,10,17343
68,11,17549
68,12,18838
68,13,17993
68,14,14242
68,15,16313
68,16,16715
68,17,17653
68,18,17695
68,19,17923
68,20,16885
68,21,16401
68,22,16369
68,23,13510
68,24,16555
68,25,16657
68,26,16645
68,27,18498
68,28,17227
68,29,17202
68,30,9150
68,31,8648
68,32,10016
68,33,9934
68,34,8877
68,35,8875
68,36,9494
68,37,8763
68,38,8751
68,39,9670
68,40,9094
68,41,10581
68,42,10081
68,43,8982
68,44,10228
68,45,9610
68,46,11169
68,47,10872
68,48,10019
68,49,7273
68,50,7505
68,51,8708
68,52,8987
68,53,10391
68,54,10415
68,55,9401
68,56,8156
68,57,8280
68,58,9528
68,59,8979
68,60,9737
68,61,9574
68,62,9284
68,63,7742
68,64,8156
68,65,10568
68,66,9345
68,67,10615
68,69,911
68,70,1604
68,71,2439
68,72,1943
68,73,1793
68,74,1688
68,75,1525
68,76,1296
68,77,648
68,78,926
68,79,912
68,80,943
68,81,838
68,82,810
68,83,1047
68,84,1308
68,85,1225
68,86,1599
68,91,2501
69,1,1353
69,2,2484
69,3,1976
69,4,2557
69,5,1969
69,6,2359
69,7,13962
69,8,18278
69,9,17215
69,10,17383
69,11,17570
69,12,19727
69,13,18768
69,14,15060
69,15,16971
69,16,17155
69,17,17227
69,18,17280
69,19,17623
69,20,17781
69,21,17238
69,22,17240
69,23,14418
69,24,17357
69,25,17568
69,26,17556
69,27,18933
69,28,18124
69,29,18058
69,30,9644
69,31,9023
69,32,10532
69,33,10317
69,34,9477
69,35,9419
69,36,10011
69,37,9194
69,38,9187
69,39,10236
69,40,9543
69,41,11145
69,42,10746
69,43,9504
69,44,10641
69,45,10209
69,46,11672
69,47,11312
69,48,10639
69,49,7778
69,50,7988
69,51,9379
69,52,9474
69,53,10889
69,54,10880
69,55,10035
69,56,8710
69,57,8806
69,58,10077
69,59,9443
69,60,10369
69,61,10124
69,62,9846
69,63,8270
69,64,8711
69,65,11003
69,66,9625
69,67,11037
69,68,911
69,70,1803
69,71,1735
69,72,1450
69,73,1832
69,74,2359
69,75,2364
69,76,2160
69,77,1466
69,78,1608
69,79,1596
69,80,1783
69,81,1385
69,82,1225
69,83,1305
69,84,1560
69,85,1484
69,86,1678
69,91,2098
70,1,2449
70,2,1678
70,3,1697
70,4,1547
70,5,492
70,6,1138
70,7,12173
70,8,16557
70,9,15463
70,10,15771
70,11,15975
70,12,18161
70,13,17017
70,14,13522
70,15,17149
70,16,17896
70,17,16090
70,18,16127
70,19,16324
70,20,16369
70,21,16717
70,22,16539
70,23,13583
70,24,16973
70,25,16380
70,26,16357
70,27,17162
70,28,17092
70,29,16473
70,30,7851
70,31,7221
70,32,8744
70,33,8515
70,34,7735
70,35,7644
70,36,8224
70,37,7391
70,38,7385
70,39,8469
70,40,7742
70,41,9373
70,42,9047
70,43,7721
70,44,8838
70,45,8461
70,46,9877
70,47,9509
70,48,8902
70,49,5995
70,50,6197
70,51,7699
70,52,7680
70,53,9095
70,54,9079
70,55,8314
70,56,6945
70,57,7026
70,58,8302
70,59,7645
70,60,8644
70,61,8350
70,62,8079
70,63,6494
70,64,6945
70,65,9200
70,66,7844
70,67,9234
70,68,1604
70,69,1803
70,71,1990
70,72,1300
70,73,328
70,74,1137
70,75,1646
70,76,1646
70,77,2097
70,78,2451
70,79,2437
70,80,2270
70,81,2429
70,82,2414
70,83,2643
70,84,2909
70,85,2825
70,86,3180
70,91,1438
71,1,3078
71,2,3510
71,3,3251
71,4,3451
71,5,2451
71,6,3082
71,7,13424
71,8,16815
71,9,15927
71,10,15853
71,11,16012
71,12,18543
71,13,17906
71,14,15248
71,15,18705
71,16,18657
71,17,15498
71,18,15553
71,19,15914
71,20,17989
71,21,18698
71,22,18527
71,23,15570
71,24,18930
71,25,18194
71,26,18166
71,27,17472
71,28,18881
71,29,17853
71,30,9217
71,31,8386
71,32,10111
71,33,9632
71,34,9308
71,35,9115
71,36,9618
71,37,8658
71,38,8662
71,39,9944
71,40,9028
71,41,10803
71,42,10681
71,43,9149
71,44,9998
71,45,9998
71,46,11164
71,47,10692
71,48,10458
71,49,7477
71,50,7628
71,51,9397
71,52,9041
71,53,10409
71,54,10331
71,55,9922
71,56,8471
71,57,8494
71,58,9753
71,59,8963
71,60,10234
71,61,9801
71,62,9564
71,63,7993
71,64,8471
71,65,10385
71,66,8783
71,67,10395
71,68,2439
71,69,1735
71,70,1990
71,72,692
71,73,1731
71,74,3081
71,75,3435
71,76,3329
71,77,3082
71,78,3299
71,79,3285
71,80,3382
71,81,3103
71,82,2955
71,83,3037
71,84,3284
71,85,3212
71,86,3351
71,91,923
72,1,2688
72,2,2839
72,3,2629
72,4,2768
72,5,1760
72,6,2393
72,7,13041
72,8,16887
72,9,15888
72,10,15955
72,11,16135
72,12,18730
72,13,17777
72,14,14684
72,15,18234
72,16,18601
72,17,15821
72,18,15871
72,19,16189
72,20,17506
72,21,18008
72,22,17839
72,23,14879
72,24,18252
72,25,17610
72,26,17585
72,27,17561
72,28,18326
72,29,17487
72,30,8763
72,31,7996
72,32,9661
72,33,9270
72,34,8780
72,35,8623
72,36,9156
72,37,8235
72,38,8235
72,39,9454
72,40,8601
72,41,10334
72,42,10136
72,43,8672
72,44,9623
72,45,9486
72,46,10751
72,47,10314
72,48,9941
72,49,6971
72,50,7141
72,51,8823
72,52,8587
72,53,9981
72,54,9925
72,55,9383
72,56,7955
72,57,7999
72,58,9271
72,59,8524
72,60,9703
72,61,9319
72,62,9069
72,63,7484
72,64,7955
72,65,10004
72,66,8476
72,67,10022
72,68,1943
72,69,1450
72,70,1300
72,71,692
72,73,1055
72,74,2392
72,75,2771
72,76,2683
72,77,2589
72,78,2855
72,79,2841
72,80,2869
72,81,2701
72,82,2586
72,83,2720
72,84,2988
72,85,2907
72,86,3127
72,91,654
73,1,2644
73,2,2006
73,3,2007
73,4,1871
73,5,815
73,6,1458
73,7,12209
73,8,16473
73,9,15391
73,10,15644
73,11,15844
73,12,18182
73,13,17053
73,14,13674
73,15,17470
73,16,18223
73,17,15869
73,18,15908
73,19,16132
73,20,16518
73,21,16992
73,22,16797
73,23,13858
73,24,17257
73,25,16572
73,26,16548
73,27,17106
73,28,17289
73,29,16579
73,30,7891
73,31,7213
73,32,8788
73,33,8504
73,34,7826
73,35,7709
73,36,8273
73,37,7406
73,38,7402
73,39,8538
73,40,7763
73,41,9435
73,42,9159
73,43,7775
73,44,8837
73,45,8546
73,46,9909
73,47,9517
73,48,8993
73,49,6054
73,50,6244
73,51,7825
73,52,7718
73,53,9129
73,54,9100
73,55,8417
73,56,7020
73,57,7087
73,58,8364
73,59,7673
73,60,8743
73,61,8412
73,62,8149
73,63,6560
73,64,7021
73,65,9207
73,66,7794
73,67,9236
73,68,1793
73,69,1832
73,70,328
73,71,1731
73,72,1055
73,74,1457
73,75,1974
73,76,1969
73,77,2336
73,78,2679
73,79,2666
73,80,2534
73,81,2630
73,82,2592
73,83,2806
73,84,3078
73,85,2993
73,86,3324
73,91,1115
74,1,2337
74,2,626
74,3,1011
74,4,426
74,5,646
74,6,1
74,7,11725
74,8,16349
74,9,15277
74,10,15769
74,11,15975
74,12,17491
74,13,16415
74,14,12715
74,15,16013
74,16,16800
74,17,16460
74,18,16481
74,19,16550
74,20,15512
74,21,15617
74,22,15464
74,23,12495
74,24,15861
74,25,15430
74,26,15410
74,27,16816
74,28,16116
74,29,15718
74,30,7472
74,31,7019
74,32,8332
74,33,8292
74,34,7191
74,35,7189
74,36,7810
74,37,7106
74,38,7092
74,39,7982
74,40,7428
74,41,8894
74,42,8414
74,43,7298
74,44,8571
74,45,7925
74,46,9485
74,47,9203
74,48,8338
74,49,5596
74,50,5834
74,51,7042
74,52,7311
74,53,8709
74,54,8740
74,55,7723
74,56,6469
74,57,6596
74,58,7841
74,59,7309
74,60,8058
74,61,7886
74,62,7597
74,63,6059
74,64,6469
74,65,8902
74,66,7771
74,67,8953
74,68,1688
74,69,2359
74,70,1137
74,71,3081
74,72,2392
74,73,1457
74,75,660
74,76,809
74,77,1826
74,78,2175
74,79,2166
74,80,1833
74,81,2290
74,82,2372
74,83,2635
74,84,2850
74,85,2778
74,86,3193
74,91,2572
75,1,1961
75,2,136
75,3,513
75,4,365
75,5,1180
75,6,659
75,7,11988
75,8,16641
75,9,15617
75,10,16188
75,11,16388
75,12,17431
75,13,16471
75,14,12720
75,15,15535
75,16,16250
75,17,17019
75,18,17034
75,19,17047
75,20,15423
75,21,15276
75,22,15164
75,23,12206
75,24,15495
75,25,15264
75,26,15248
75,27,17006
75,28,15910
75,29,15699
75,30,7825
75,31,7462
75,32,8657
75,33,8712
75,34,7455
75,35,7505
75,36,8141
75,37,7511
75,38,7494
75,39,8270
75,40,7815
75,41,9174
75,42,8604
75,43,7630
75,44,8968
75,45,8183
75,46,9807
75,47,9573
75,48,8574
75,49,5968
75,50,6219
75,51,7235
75,52,7671
75,53,9044
75,54,9099
75,55,7950
75,56,6783
75,57,6935
75,58,8145
75,59,7687
75,60,8284
75,61,8188
75,62,7892
75,63,6403
75,64,6784
75,65,9280
75,66,8260
75,67,9338
75,68,1525
75,69,2364
75,70,1646
75,71,3435
75,72,2771
75,73,1974
75,74,660
75,76,256
75,77,1423
75,78,1727
75,79,1721
75,80,1334
75,81,1904
75,82,2032
75,83,2290
75,84,2462
75,85,2401
75,86,2822
75,91,3065
76,1,1705
76,2,391
76,3,257
76,4,606
76,5,1216
76,6,809
76,7,12243
76,8,16896
76,9,15873
76,10,16441
76,11,16642
76,12,17624
76,13,16697
76,14,12946
76,15,15590
76,16,16258
76,17,17243
76,18,17260
76,19,17290
76,20,15621
76,21,15395
76,22,15299
76,23,12355
76,24,15602
76,25,15442
76,26,15427
76,27,17251
76,28,16072
76,29,15913
76,30,8080
76,31,7708
76,32,8912
76,33,8962
76,34,7711
76,35,7761
76,36,8396
76,37,7762
76,38,7745
76,39,8526
76,40,8068
76,41,9430
76,42,8856
76,43,7886
76,44,9220
76,45,8439
76,46,10063
76,47,9827
76,48,8829
76,49,6221
76,50,6471
76,51,7488
76,52,7925
76,53,9300
76,54,9353
76,55,8204
76,56,7039
76,57,7190
76,58,8401
76,59,7941
76,60,8539
76,61,8444
76,62,8148
76,63,6658
76,64,7040
76,65,9534
76,66,8499
76,67,9592
76,68,1296
76,69,2160
76,70,1646
76,71,3329
76,72,2683
76,73,1969
76,74,809
76,75,256
76,77,1166
76,78,1474
76,79,1468
76,80,1086
76,81,1648
76,82,1776
76,83,2034
76,84,2206
76,85,2145
76,86,2566
76,91,3029
77,1,538
77,2,1557
77,3,909
77,4,1759
77,5,1887
77,6,1826
77,7,13404
77,8,18050
77,9,17040
77,10,17589
77,11,17793
77,12,18264
77,13,17641
77,14,13944
77,15,15665
77,16,16085
77,17,18181
77,18,18214
77,19,18356
77,20,16430
77,21,15786
77,22,15775
77,23,12977
77,24,15927
77,25,16144
77,26,16135
77,27,18320
77,28,16661
77,29,16804
77,30,9242
77,31,8838
77,32,10078
77,33,10105
77,34,8875
77,35,8927
77,36,9561
77,37,8910
77,38,8894
77,39,9692
77,40,9222
77,41,10595
77,42,10003
77,43,9051
77,44,10372
77,45,9602
77,46,11229
77,47,10987
77,48,9987
77,49,7378
77,50,7625
77,51,8639
77,52,9086
77,53,10465
77,54,10515
77,55,9362
77,56,8205
77,57,8354
77,58,9567
77,59,9097
77,60,9696
77,61,9611
77,62,9314
77,63,7821
77,64,8206
77,65,10691
77,66,9597
77,67,10747
77,68,648
77,69,1466
77,70,2097
77,71,3082
77,72,2589
77,73,2336
77,74,1826
77,75,1423
77,76,1166
77,78,364
77,79,353
77,80,317
77,81,481
77,82,623
77,83,872
77,84,1042
77,85,979
77,86,1400
77,91,3133
78,1,344
78,2,1858
78,3,1219
78,4,2078
78,5,2251
78,6,2175
78,7,13667
78,8,18277
78,9,17323
78,10,17915
78,11,18116
78,12,18119
78,13,17677
78,14,14064
78,15,15426
78,16,15790
78,17,18540
78,18,18575
78,19,18717
78,20,16422
78,21,15631
78,22,15647
78,23,12930
78,24,15750
78,25,16094
78,26,16088
78,27,18426
78,28,16556
78,29,16831
78,30,9551
78,31,9175
78,32,10377
78,33,10434
78,34,9155
78,35,9224
78,36,9863
78,37,9235
78,38,9219
78,39,9978
78,40,9542
78,41,10876
78,42,10250
78,43,9353
78,44,10694
78,45,9878
78,46,11525
78,47,11300
78,48,10253
78,49,7695
78,50,7945
78,51,8893
78,52,9398
78,53,10766
78,54,10825
78,55,9626
78,56,8504
78,57,8660
78,58,9859
78,59,9415
78,60,9958
78,61,9902
78,62,9604
78,63,8129
78,64,8504
78,65,11007
78,66,9945
78,67,11066
78,68,926
78,69,1608
78,70,2451
78,71,3299
78,72,2855
78,73,2679
78,74,2175
78,75,1727
78,76,1474
78,77,364
78,79,14
78,80,418
78,81,282
78,82,485
78,83,664
78,84,756
78,85,710
78,86,1119
78,91,3426
79,1,338
79,2,1853
79,3,1213
79,4,2071
79,5,2239
79,6,2166
79,7,13664
79,8,18277
79,9,17319
79,10,17908
79,11,18110
79,12,18131
79,13,17685
79,14,14068
79,15,15440
79,16,15804
79,17,18527
79,18,18562
79,19,18707
79,20,16431
79,21,15643
79,22,15659
79,23,12939
79,24,15763
79,25,16103
79,26,16097
79,27,18431
79,28,16567
79,29,16838
79,30,9545
79,31,9167
79,32,10372
79,33,10427
79,34,9151
79,35,9219
79,36,9858
79,37,9228
79,38,9212
79,39,9974
79,40,9535
79,41,10872
79,42,10248
79,43,9348
79,44,10688
79,45,9874
79,46,11520
79,47,11294
79,48,10250
79,49,7688
79,50,7939
79,51,8891
79,52,9392
79,53,10761
79,54,10819
79,55,9623
79,56,8499
79,57,8654
79,58,9855
79,59,9408
79,60,9955
79,61,9898
79,62,9599
79,63,8123
79,64,8499
79,65,11001
79,66,9936
79,67,11059
79,68,912
79,69,1596
79,70,2437
79,71,3285
79,72,2841
79,73,2666
79,74,2166
79,75,1721
79,76,1468
79,77,353
79,78,14
79,80,416
79,81,275
79,82,478
79,83,661
79,84,759
79,85,712
79,86,1122
79,91,3412
80,1,730
80,2,1462
80,3,839
80,4,1692
80,5,2000
80,6,1833
80,7,13249
80,8,17863
80,9,16907
80,10,17515
80,11,17713
80,12,17948
80,13,17349
80,14,13682
80,15,15376
80,16,15832
80,17,18284
80,18,18309
80,19,18374
80,20,16124
80,21,15473
80,22,15458
80,23,12663
80,24,15617
80,25,15830
80,26,15822
80,27,18059
80,28,16344
80,29,16508
80,30,9148
80,31,8795
80,32,9968
80,33,10046
80,34,8740
80,35,8815
80,36,9455
80,37,8844
80,38,8827
80,39,9565
80,40,9146
80,41,10461
80,42,9831
80,43,8947
80,44,10300
80,45,9462
80,46,11114
80,47,10898
80,48,9835
80,49,7297
80,50,7550
80,51,8475
80,52,8996
80,53,10359
80,54,10421
80,55,9209
80,56,8096
80,57,8255
80,58,9448
80,59,9017
80,60,9541
80,61,9491
80,62,9192
80,63,7726
80,64,8096
80,65,10608
80,66,9582
80,67,10668
80,68,943
80,69,1783
80,70,2270
80,71,3382
80,72,2869
80,73,2534
80,74,1833
80,75,1334
80,76,1086
80,77,317
80,78,418
80,79,416
80,81,665
80,82,850
80,83,1067
80,84,1174
80,85,1128
80,86,1537
80,91,3391
81,1,65
81,2,2038
81,3,1391
81,4,2240
81,5,2286
81,6,2290
81,7,13881
81,8,18519
81,9,17521
81,10,18059
81,11,18265
81,12,18345
81,13,17958
81,14,14338
81,15,15610
81,16,15921
81,17,18488
81,18,18531
81,19,18753
81,20,16700
81,21,15866
81,22,15894
81,23,13203
81,24,15974
81,25,16364
81,26,16359
81,27,18706
81,28,16810
81,29,17111
81,30,9722
81,31,9308
81,32,10559
81,33,10578
81,34,9355
81,35,9408
81,36,10043
81,37,9385
81,38,9370
81,39,10173
81,40,9699
81,41,11075
81,42,10474
81,43,9532
81,44,10849
81,45,10082
81,46,11711
81,47,11466
81,48,10464
81,49,7857
81,50,8102
81,51,9113
81,52,9566
81,53,10946
81,54,10995
81,55,9839
81,56,8686
81,57,8835
81,58,10048
81,59,9576
81,60,10172
81,61,10092
81,62,9795
81,63,8301
81,64,8687
81,65,11170
81,66,10054
81,67,11225
81,68,838
81,69,1385
81,70,2429
81,71,3103
81,72,2701
81,73,2630
81,74,2290
81,75,1904
81,76,1648
81,77,481
81,78,282
81,79,275
81,80,665
81,82,204
81,83,404
81,84,564
81,85,498
81,86,919
81,91,3297
82,1,147
82,2,2167
82,3,1521
82,4,2356
82,5,2313
82,6,2372
82,7,14019
82,8,18671
82,9,17639
82,10,18127
82,11,18334
82,12,18510
82,13,18162
82,14,14532
82,15,15753
82,16,16025
82,17,18403
82,18,18451
82,19,18722
82,20,16903
82,21,16043
82,22,16079
82,23,13405
82,24,16143
82,25,16564
82,26,16559
82,27,18905
82,28,16999
82,29,17315
82,30,9830
82,31,9387
82,32,10676
82,33,10664
82,34,9487
82,35,9526
82,36,10157
82,37,9478
82,38,9464
82,39,10299
82,40,9798
82,41,11205
82,42,10624
82,43,9646
82,44,10943
82,45,10215
82,46,11829
82,47,11570
82,48,10604
82,49,7960
82,50,8202
82,51,9259
82,52,9672
82,53,11060
82,54,11102
82,55,9980
82,56,8805
82,57,8947
82,58,10170
82,59,9677
82,60,10313
82,61,10215
82,62,9919
82,63,8411
82,64,8805
82,65,11271
82,66,10115
82,67,11323
82,68,810
82,69,1225
82,70,2414
82,71,2955
82,72,2586
82,73,2592
82,74,2372
82,75,2032
82,76,1776
82,77,623
82,78,485
82,79,478
82,80,850
82,81,204
82,83,263
82,84,501
82,85,420
82,86,822
82,91,3197
83,1,340
83,2,2425
83,3,1778
83,4,2617
83,5,2563
83,6,2636
83,7,14275
83,8,18921
83,9,17901
83,10,18383
83,11,18590
83,12,18446
83,13,18278
83,14,14725
83,15,15668
83,16,15883
83,17,18532
83,18,18584
83,19,18904
83,20,17001
83,21,16031
83,22,16089
83,23,13492
83,24,16110
83,25,16632
83,26,16630
83,27,19064
83,28,17017
83,29,17437
83,30,10093
83,31,9649
83,32,10938
83,33,10927
83,34,9745
83,35,9788
83,36,10420
83,37,9741
83,38,9727
83,39,10559
83,40,10061
83,41,11464
83,42,10874
83,43,9908
83,44,11206
83,45,10473
83,46,12091
83,47,11833
83,48,10860
83,49,8223
83,50,8465
83,51,9511
83,52,9935
83,53,11322
83,54,11365
83,55,10235
83,56,9066
83,57,9209
83,58,10431
83,59,9940
83,60,10568
83,61,10476
83,62,10180
83,63,8674
83,64,9067
83,65,11534
83,66,10373
83,67,11587
83,68,1047
83,69,1305
83,70,2643
83,71,3037
83,72,2720
83,73,2806
83,74,2635
83,75,2290
83,76,2034
83,77,872
83,78,664
83,79,661
83,80,1067
83,81,404
83,82,263
83,84,275
83,85,191
83,86,561
83,91,3348
84,1,514
84,2,2596
84,3,1949
84,4,2802
84,5,2813
84,6,2851
84,7,14423
84,8,19014
84,9,18075
84,10,18618
84,11,18825
84,12,18200
84,13,18163
84,14,14736
84,15,15422
84,16,15614
84,17,18782
84,18,18837
84,19,19176
84,20,16884
84,21,15825
84,22,15899
84,23,13377
84,24,15891
84,25,16488
84,26,16488
84,27,18969
84,28,16830
84,29,17339
84,30,10284
84,31,9869
84,32,11119
84,33,11141
84,34,9907
84,35,9967
84,36,10603
84,37,9949
84,38,9934
84,39,10727
84,40,10263
84,41,11627
84,42,11005
84,43,10092
84,44,11412
84,45,10631
84,46,12269
84,47,12029
84,48,11008
84,49,8420
84,50,8666
84,51,9650
84,52,10129
84,53,11506
84,54,11558
84,55,10382
84,56,9246
84,57,9396
84,58,10605
84,59,10139
84,60,10714
84,61,10649
84,62,10351
84,63,8863
84,64,9246
84,65,11733
84,66,10608
84,67,11789
84,68,1308
84,69,1560
84,70,2909
84,71,3284
84,72,2988
84,73,3078
84,74,2850
84,75,2462
84,76,2206
84,77,1042
84,78,756
84,79,759
84,80,1174
84,81,564
84,82,501
84,83,275
84,85,85
84,86,363
84,91,3618
85,1,444
85,2,2535
85,3,1888
85,4,2738
85,5,2733
85,6,2778
85,7,14371
85,8,18984
85,9,18018
85,10,18543
85,11,18750
85,12,18273
85,13,18195
85,14,14725
85,15,15494
85,16,15695
85,17,18710
85,18,18764
85,19,19094
85,20,16914
85,21,15883
85,22,15953
85,23,13405
85,24,15954
85,25,16527
85,26,16526
85,27,18998
85,28,16883
85,29,17364
85,30,10220
85,31,9797
85,32,11057
85,33,11070
85,34,9850
85,35,9906
85,36,10540
85,37,9879
85,38,9865
85,39,10669
85,40,10195
85,41,11570
85,42,10958
85,43,10030
85,44,11344
85,45,10576
85,46,12208
85,47,11964
85,48,10956
85,49,8353
85,50,8598
85,51,9600
85,52,10063
85,53,11444
85,54,11493
85,55,10330
85,56,9184
85,57,9332
85,58,10546
85,59,10072
85,60,10662
85,61,10589
85,62,10292
85,63,8799
85,64,9185
85,65,11667
85,66,10532
85,67,11721
85,68,1225
85,69,1484
85,70,2825
85,71,3212
85,72,2907
85,73,2993
85,74,2778
85,75,2401
85,76,2145
85,77,979
85,78,710
85,79,712
85,80,1128
85,81,498
85,82,420
85,83,191
85,84,85
85,86,421
85,91,3537
86,1,864
86,2,2956
86,3,2309
86,4,3158
86,5,3120
86,6,3193
86,7,14786
86,8,19342
86,9,18438
86,10,18941
86,11,19148
86,12,18116
86,13,18309
86,14,15043
86,15,15366
86,16,15478
86,17,18766
86,18,18825
86,19,19239
86,20,17050
86,21,15861
86,22,15965
86,23,13564
86,24,15900
86,25,16622
86,26,16624
86,27,19093
86,28,16891
86,29,17525
86,30,10640
86,31,10209
86,32,11478
86,33,11485
86,34,10269
86,35,10326
86,36,10961
86,37,10297
86,38,10282
86,39,11089
86,40,10614
86,41,11989
86,42,11368
86,43,10450
86,44,11761
86,45,10994
86,46,12629
86,47,12383
86,48,11371
86,49,8773
86,50,9017
86,51,10012
86,52,10483
86,53,11865
86,54,11913
86,55,10745
86,56,9605
86,57,9753
86,58,10966
86,59,10492
86,60,11077
86,61,11009
86,62,10712
86,63,9219
86,64,9605
86,65,12086
86,66,10934
86,67,12140
86,68,1599
86,69,1678
86,70,3180
86,71,3351
86,72,3127
86,73,3324
86,74,3193
86,75,2822
86,76,2566
86,77,1400
86,78,1119
86,79,1122
86,80,1537
86,81,919
86,82,822
86,83,561
86,84,363
86,85,421
86,91,3772
91,1,3290
91,2,3108
91,3,3024
91,4,2985
91,5,1929
91,6,2573
91,7,12522
91,8,16234
91,9,15244
91,10,15301
91,11,15482
91,12,18076
91,13,17162
91,14,14333
91,15,18585
91,16,19216
91,17,15206
91,18,15254
91,19,15558
91,20,17071
91,21,17981
91,22,17734
91,23,14886
91,24,18269
91,25,17276
91,26,17248
91,27,16908
91,28,17958
91,29,16970
91,30,8296
91,31,7478
91,32,9191
91,33,8734
91,34,8389
91,35,8193
91,36,8696
91,37,7741
91,38,7745
91,39,9021
91,40,8111
91,41,9881
91,42,9765
91,43,8226
91,44,9096
91,45,9077
91,46,10251
91,47,9789
91,48,9537
91,49,6556
91,50,6706
91,51,8492
91,52,8120
91,53,9493
91,54,9420
91,55,9004
91,56,7550
91,57,7572
91,58,8830
91,59,8044
91,60,9315
91,61,8878
91,62,8642
91,63,7072
91,64,7551
91,65,9481
91,66,7907
91,67,9493
91,68,2501
91,69,2098
91,70,1438
91,71,923
91,72,654
91,73,1115
91,74,2572
91,75,3065
91,76,3029
91,77,3133
91,78,3426
91,79,3412
91,80,3391
91,81,3297
91,82,3197
91,83,3348
91,84,3618
91,85,3537
91,86,3772