UF do Produto,URF,Código NCM,Países,Quantidades - (2020-2025),Frete - (2020-2025),Frete Total
Alagoas,Aeroporto Internacional de Guarulhos,84715010,Estados Unidos,10,1091,10910
Bahia,Aeroporto Internacional de Salvador,84715020,Estados Unidos,10,1416,14160
Pernambuco,Aeroporto Internacional de Guarulhos,84715010,China,28,92,2576
Rio Grande do Norte,Aeroporto Internacional de Guarulhos,84715010,"Tcheca, República",2,464,928
Alagoas,Aeroporto Internacional do Recife,84715030,Estados Unidos,1,624,624
Bahia,Aeroporto Internacional de Salvador,84715010,Alemanha,10,890,8900
Bahia,Aeroporto Internacional de Salvador,84715010,Espanha,1,17,17
Maranhão,Aeroporto Internacional do Rio de Janeiro,84715010,Estados Unidos,2,133,266
Maranhão,Aeroporto Internacional do Rio de Janeiro,84715010,Taiwan (Formosa),1,35,35
Paraíba,Aeroporto Internacional do Recife,84715010,Taiwan (Formosa),30,307,9210
Paraíba,Aeroporto Internacional de Viracopos,84715010,Reino Unido,1,1,1
Pernambuco,Aeroporto Internacional do Recife,84715020,Alemanha,1,382,382
Piauí,Aeroporto Internacional de Salvador,84715010,Áustria,4,10,40
Rio Grande do Norte,Aeroporto Internacional de Fortaleza,84715010,Alemanha,1,4,4
Alagoas,Aeroporto Internacional de Salvador,84715010,México,2,280,560
Alagoas,Aeroporto Internacional de Guarulhos,84715010,Israel,21,299,6279
Bahia,Aeroporto Internacional de Viracopos,84715010,Vietnã,5,188,940
Bahia,Aeroporto Internacional de Viracopos,84715020,Malásia,1,55,55
Ceará,Aeroporto Internacional de Fortaleza,84715010,Estados Unidos,2,394,788
Pernambuco,Aeroporto Internacional do Recife,84715020,Estados Unidos,1,91,91
Pernambuco,Aeroporto Internacional do Recife,84715020,México,6,871,5226
Maranhão,Aeroporto Internacional de Viracopos,84715010,Polônia,1,829,829
Pernambuco,Aeroporto Internacional do Rio de Janeiro,84715010,Canadá,1,95,95
Pernambuco,Aeroporto Internacional do Recife,84715010,China,566,5378,3043948
Rio Grande do Norte,Aeroporto Internacional do Recife,84715010,Estados Unidos,2,694,1388
Alagoas,Aeroporto Internacional de Guarulhos,84715010,Israel,2,19,38
Alagoas,Aeroporto Internacional de Guarulhos,84715020,México,16,5243,83888
Bahia,Aeroporto Internacional de Salvador,84715010,China,266,14526,3863916
Bahia,Aeroporto Internacional de Salvador,84715010,"Tcheca, República",2,1364,2728
Bahia,Aeroporto Internacional de Salvador,84715020,"Tcheca, República",2,1166,2332
Bahia,Aeroporto Internacional de Guarulhos,84715010,Singapura,6,2369,14214
Bahia,Aeroporto Internacional de Guarulhos,84715020,Singapura,64,25266,1617024
Bahia,Aeroporto Internacional de Guarulhos,84715020,Suécia,5,4752,23760
Bahia,Aeroporto Internacional de Viracopos,84715010,Hungria,1,21,21
Ceará,Aeroporto Internacional de Fortaleza,84715010,Polônia,20,5889,117780
Paraíba,Aeroporto Internacional do Recife,84715010,Taiwan (Formosa),1,39,39
Paraíba,Aeroporto Internacional do Recife,84715010,Vietnã,1,82,82
Piauí,Aeroporto Internacional de Salvador,84715010,Alemanha,3,5,15
Rio Grande do Norte,Aeroporto Internacional de Fortaleza,84715010,Dinamarca,8,968,7744
Bahia,Aeroporto Internacional de Salvador,84715010,Áustria,1,89,89
Bahia,Aeroporto Internacional de Viracopos,84715010,China,4,179,716
Pernambuco,Aeroporto Internacional do Recife,84715010,Itália,1,209,209
Pernambuco,Aeroporto Internacional de Viracopos,84715010,China,205,2008,411640
Rio Grande do Norte,Aeroporto Internacional de Fortaleza,84715010,Alemanha,68,1431,97308
Rio Grande do Norte,Aeroporto Internacional de Fortaleza,84715010,Dinamarca,1,120,120
Rio Grande do Norte,Aeroporto Internacional do Recife,84715010,México,1,169,169
Rio Grande do Norte,Aeroporto Internacional de Salvador,84715010,Alemanha,1,115,115
Bahia,Aeroporto Internacional de Salvador,84715010,China,112,2849,319088
Bahia,Aeroporto Internacional de Viracopos,84715010,China,26,801,20826
Ceará,Aeroporto Internacional de Fortaleza,84715010,Malásia,3,1128,3384
Paraíba,Aeroporto Internacional do Recife,84715010,Hungria,2,837,1674
Pernambuco,Aeroporto Internacional do Recife,84715010,China,17,1226,20842
Pernambuco,Aeroporto Internacional de Viracopos,84715010,China,263,3233,850279
Bahia,Aeroporto Internacional de Salvador,84715010,Alemanha,3,187,561
Bahia,Aeroporto Internacional de Salvador,84715010,Dinamarca,3,483,1449
Bahia,Aeroporto Internacional de Guarulhos,84715010,China,106,1070,113420
Ceará,Aeroporto Internacional de Guarulhos,84715010,China,4,91,364
Paraíba,Aeroporto Internacional do Recife,84715010,China,541,5751,3111291
Rio Grande do Norte,Aeroporto Internacional do Recife,84715030,Estados Unidos,7,3132,21924
Ceará,Aeroporto Internacional de Fortaleza,84715010,Alemanha,1,127,127
Ceará,Aeroporto Internacional de Fortaleza,84715010,Malásia,7,1282,8974
Ceará,Aeroporto Internacional de Viracopos,84715010,China,3,200,600
Pernambuco,Aeroporto Internacional do Recife,84715010,China,2,1485,2970
Bahia,Aeroporto Internacional de Salvador,84715010,Dinamarca,4,566,2264
Bahia,Aeroporto Internacional de Guarulhos,84715010,Alemanha,2,292,584
Ceará,Aeroporto Internacional de Fortaleza,84715010,França,1,266,266
Ceará,Aeroporto Internacional de Viracopos,84715010,Dinamarca,1,801,801
Paraíba,Aeroporto Internacional do Recife,84715010,Taiwan (Formosa),4,278,1112
Pernambuco,Aeroporto Internacional do Recife,84715010,China,42,8349,350658
Pernambuco,Aeroporto Internacional do Recife,84715010,Estados Unidos,29,1258,36482
Rio Grande do Norte,Aeroporto Internacional de Fortaleza,84715010,Dinamarca,1,487,487
Alagoas,Aeroporto Internacional de Guarulhos,84715010,China,3,353,1059
Bahia,Aeroporto Internacional de Salvador,84715010,China,106,2279,241574
Bahia,Aeroporto Internacional de Salvador,84715020,Estados Unidos,1,824,824
Bahia,Aeroporto Internacional de Guarulhos,84715010,Alemanha,2,149,298
Ceará,Aeroporto Internacional de Viracopos,84715010,Argentina,1,184,184
Ceará,Aeroporto Internacional de Viracopos,84715010,Hong Kong,3,27,81
Maranhão,Aeroporto Internacional de Viracopos,84715010,China,1,450,450
Paraíba,Aeroporto Internacional de Guarulhos,84715010,China,3,185,555
Pernambuco,Aeroporto Internacional do Recife,84715010,China,15,4429,66435
Pernambuco,Aeroporto Internacional de Viracopos,84715010,China,232,2227,516664
Bahia,Aeroporto Internacional de Salvador,84715010,Alemanha,6,77,462
Bahia,Aeroporto Internacional de Salvador,84715010,Dinamarca,1,219,219
Bahia,Aeroporto Internacional de Salvador,84715010,Itália,1,8,8
Paraíba,Aeroporto Internacional de Guarulhos,84715010,Hong Kong,6,1138,6828
Pernambuco,Aeroporto Internacional do Recife,84715010,China,23,3240,74520
Pernambuco,Aeroporto Internacional de Viracopos,84715010,China,150,1798,269700
Bahia,Aeroporto Internacional de Salvador,84715010,França,2,36,72
Bahia,Aeroporto Internacional de Viracopos,84715010,China,10,2854,28540
Bahia,Aeroporto Internacional de Viracopos,84715020,Estados Unidos,2,1369,2738
Paraíba,Aeroporto Internacional do Recife,84715010,Tailândia,1,16,16
Paraíba,Aeroporto Internacional do Recife,84715010,Taiwan (Formosa),1,31,31
Piauí,Aeroporto Internacional de Fortaleza,84715010,Áustria,1,488,488
Alagoas,Aeroporto Internacional do Recife,84715010,"Tcheca, República",1,59,59
Alagoas,Aeroporto Internacional de Guarulhos,84715010,México,25,3246,81150
Ceará,Aeroporto Internacional de Fortaleza,84715020,China,2,759,1518
Ceará,Aeroporto Internacional de Fortaleza,84715020,Coreia do Sul,1,231,231
Pernambuco,Aeroporto Internacional do Recife,84715020,Estados Unidos,5,1306,6530
Pernambuco,Aeroporto Internacional do Recife,84715020,Países Baixos (Holanda),1,1078,1078
Pernambuco,Aeroporto Internacional de Viracopos,84715010,China,120,1981,237720
Piauí,Aeroporto Internacional de Viracopos,84715010,China,1,366,366
Sergipe,Aeroporto Internacional de Guarulhos,84715010,China,50,630,31500
Bahia,Aeroporto Internacional de Salvador,84715010,Alemanha,1,36,36
Bahia,Aeroporto Internacional de Salvador,84715010,Polônia,1,483,483
Bahia,Aeroporto Internacional de Salvador,84715010,"Tcheca, República",2,2977,5954
Bahia,Aeroporto Internacional de Salvador,84715020,"Tcheca, República",1,552,552
Bahia,Aeroporto Internacional de Viracopos,84715010,China,14,427,5978
Ceará,Aeroporto Internacional de Fortaleza,84715010,Polônia,1,128,128
Ceará,Aeroporto Internacional de Fortaleza,84715010,Taiwan (Formosa),10,371,3710
Maranhão,Aeroporto Internacional do Rio de Janeiro,84715010,Alemanha,4,1322,5288
Maranhão,Aeroporto Internacional do Rio de Janeiro,84715010,Suíça,1,18,18
Maranhão,Aeroporto Internacional do Rio de Janeiro,84715020,Suíça,1,13,13
Paraíba,Aeroporto Internacional de Guarulhos,84715010,Hong Kong,1,517,517
Pernambuco,Aeroporto Internacional do Recife,84715010,México,1,154,154
Pernambuco,Aeroporto Internacional de Guarulhos,84715010,Alemanha,1,102,102
Pernambuco,Aeroporto Internacional de Viracopos,84715010,Canadá,1,476,476
Pernambuco,Aeroporto Internacional de Viracopos,84715010,China,3,129,387
Piauí,Aeroporto Internacional de Viracopos,84715010,Canadá,1,1728,1728
Piauí,Aeroporto Internacional de Viracopos,84715010,México,1,1175,1175
Rio Grande do Norte,Aeroporto Internacional de Fortaleza,84715010,Alemanha,1,237,237
Bahia,Aeroporto Internacional de Salvador,84715010,Taiwan (Formosa),2,609,1218
Bahia,Aeroporto Internacional de Salvador,84715020,Polônia,1,477,477
Ceará,Aeroporto Internacional de Fortaleza,84715010,Alemanha,2,178,356
Ceará,Aeroporto Internacional de Viracopos,84715010,Hong Kong,1,13,13
Pernambuco,Aeroporto Internacional do Recife,84715010,Dinamarca,1,1794,1794
Pernambuco,Aeroporto Internacional do Recife,84715010,Países Baixos (Holanda),1,742,742
Pernambuco,Aeroporto Internacional de Guarulhos,84715010,Alemanha,1,90,90
Rio Grande do Norte,Aeroporto Internacional de Guarulhos,84715010,México,1,45,45
Alagoas,Aeroporto Internacional de Guarulhos,84715010,China,1,31,31
Bahia,Aeroporto Internacional de Salvador,84715010,Alemanha,10,526,5260
Bahia,Aeroporto Internacional de Salvador,84715010,Polônia,4,566,2264
Bahia,Aeroporto Internacional de Salvador,84715010,Taiwan (Formosa),1,83,83
Paraíba,Aeroporto Internacional do Recife,84715010,Estados Unidos,3,167,501
Paraíba,Aeroporto Internacional do Recife,84715010,Malásia,1,8,8
Paraíba,Aeroporto Internacional do Recife,84715010,Tailândia,2,80,160
Pernambuco,Aeroporto Internacional de Viracopos,84715010,China,60,532,31920
Pernambuco,Aeroporto Internacional de Viracopos,84715010,Estados Unidos,1,401,401
Bahia,Aeroporto Internacional de Salvador,84715010,Taiwan (Formosa),2,57,114
Bahia,Aeroporto Internacional de Guarulhos,84715010,Alemanha,5,357,1785
Bahia,Aeroporto Internacional de Guarulhos,84715010,Áustria,8,137,1096
Pernambuco,Aeroporto Internacional do Recife,84715010,Alemanha,1,160,160
Pernambuco,Aeroporto Internacional de Guarulhos,84715010,Suíça,1,102,102
Rio Grande do Norte,Aeroporto Internacional de Natal,84715010,China,1,89,89
Alagoas,Aeroporto Internacional de Viracopos,84715010,Alemanha,1,5,5
Bahia,Aeroporto Internacional de Salvador,84715020,Estados Unidos,1,520,520
Bahia,Aeroporto Internacional de Guarulhos,84715010,Áustria,2,3,6
Bahia,Aeroporto Internacional de Viracopos,84715010,Polônia,1,134,134
Bahia,Aeroporto Internacional de Viracopos,84715020,China,1,14,14
Maranhão,Aeroporto Internacional do Rio de Janeiro,84715010,Estados Unidos,1,277,277
Paraíba,Aeroporto Internacional de Viracopos,84715010,China,11,438,4818
Pernambuco,Aeroporto Internacional do Recife,84715020,Estados Unidos,2,979,1958
Pernambuco,Aeroporto Internacional de Guarulhos,84715010,Itália,1,18,18
Bahia,Aeroporto Internacional de Salvador,84715010,China,3,1012,3036
Bahia,Aeroporto Internacional de Salvador,84715020,Polônia,2,695,1390
Bahia,Aeroporto Internacional de Viracopos,84715010,Hungria,1,70,70
Bahia,Aeroporto Internacional de Viracopos,84715010,Taiwan (Formosa),4,3128,12512
Paraíba,Aeroporto Internacional do Rio de Janeiro,84715010,Hungria,1,706,706
Paraíba,Aeroporto Internacional do Rio de Janeiro,84715020,México,1,301,301
Pernambuco,Aeroporto Internacional do Recife,84715010,China,1,59,59
Pernambuco,Aeroporto Internacional do Recife,84715010,Dinamarca,1,755,755
Pernambuco,Aeroporto Internacional do Recife,84715010,Finlândia,1,785,785
Pernambuco,Aeroporto Internacional de Viracopos,84715010,China,60,532,31920
Pernambuco,Aeroporto Internacional de Viracopos,84715010,Estados Unidos,1,77,77
Bahia,Aeroporto Internacional de Salvador,84715010,Espanha,4,735,2940
Bahia,Aeroporto Internacional de Salvador,84715010,México,10,1037,10370
Bahia,Aeroporto Internacional de Salvador,84715020,Estados Unidos,3,985,2955
Bahia,Aeroporto Internacional de Guarulhos,84715010,França,1,2,2
Paraíba,Aeroporto Internacional do Recife,84715010,Tailândia,3,74,222
Paraíba,Aeroporto Internacional de Viracopos,84715010,China,4,422,1688
Pernambuco,Aeroporto Internacional do Rio de Janeiro,84715010,Estados Unidos,5,718,3590
Bahia,Aeroporto Internacional de Salvador,84715010,China,6,8586,51516
Pernambuco,Aeroporto Internacional do Recife,84715010,México,26,7398,192348
Pernambuco,Aeroporto Internacional do Rio de Janeiro,84715010,Bélgica,1,319,319
Pernambuco,Aeroporto Internacional de Viracopos,84715010,China,40,409,16360
Rio Grande do Norte,Aeroporto Internacional de Fortaleza,84715010,China,4,85,340
Rio Grande do Norte,Aeroporto Internacional de Fortaleza,84715020,China,1,14,14
Rio Grande do Norte,Aeroporto Internacional de Fortaleza,84715020,México,2,748,1496
Rio Grande do Norte,Aeroporto Internacional de Fortaleza,84715030,México,1,374,374
Bahia,Aeroporto Internacional de Salvador,84715020,Suécia,4,1207,4828
Ceará,Aeroporto Internacional de Guarulhos,84715010,Hungria,1,89,89
Pernambuco,Aeroporto Internacional do Rio de Janeiro,84715010,Estados Unidos,1,755,755
Rio Grande do Norte,Aeroporto Internacional do Recife,84715020,China,4,917,3668
Rio Grande do Norte,Aeroporto Internacional de Natal,84715010,Alemanha,1,351,351
Pernambuco,Aeroporto Internacional do Rio de Janeiro,84715010,Estados Unidos,4,777,3108
Bahia,Aeroporto Internacional de Salvador,84715010,Taiwan (Formosa),50,3542,177100
Bahia,Aeroporto Internacional de Guarulhos,84715010,Alemanha,2,105,210
Paraíba,Aeroporto Internacional do Rio de Janeiro,84715010,Reino Unido,1,838,838
Pernambuco,Aeroporto Internacional de Salvador,84715020,Estados Unidos,5,1720,8600
Rio Grande do Norte,Aeroporto Internacional de Fortaleza,84715010,Áustria,2,466,932
Bahia,Aeroporto Internacional de Salvador,84715010,México,2,265,530
Bahia,Aeroporto Internacional de Viracopos,84715010,Hungria,1,32,32
Paraíba,Aeroporto Internacional de Viracopos,84715020,Estados Unidos,2,2251,4502
Pernambuco,Aeroporto Internacional do Recife,84715010,China,1,102,102
Pernambuco,Aeroporto Internacional do Recife,84715010,Israel,1,1768,1768
Pernambuco,Aeroporto Internacional de Guarulhos,84715010,Estados Unidos,1,10,10
Bahia,Aeroporto Internacional de Salvador,84715010,Estados Unidos,1,69,69
Bahia,Aeroporto Internacional de Guarulhos,84715010,Espanha,1,640,640
Bahia,Aeroporto Internacional de Viracopos,84715010,China,5,362,1810
Paraíba,Aeroporto Internacional do Recife,84715010,China,1,16,16
Paraíba,Aeroporto Internacional de Viracopos,84715010,China,2,559,1118
Pernambuco,Aeroporto Internacional do Recife,84715010,China,3,15,45
Pernambuco,Aeroporto Internacional do Recife,84715010,Israel,1,211,211
Pernambuco,Aeroporto Internacional do Rio de Janeiro,84715020,Estados Unidos,1,181,181
Bahia,Aeroporto Internacional de Guarulhos,84715020,Polônia,1,275,275
Ceará,Aeroporto Internacional de Fortaleza,84715010,Estados Unidos,2,548,1096
Maranhão,Aeroporto Internacional de Guarulhos,84715010,Estados Unidos,1,154,154
Paraíba,Aeroporto Internacional do Rio de Janeiro,84715020,Estados Unidos,1,1048,1048
Pernambuco,Aeroporto Internacional do Recife,84715010,Suíça,1,195,195
Bahia,Aeroporto Internacional de Salvador,84715010,Alemanha,2,382,764
Bahia,Aeroporto Internacional de Viracopos,84715010,Estados Unidos,1,42,42
Pernambuco,Aeroporto Internacional de Viracopos,84715010,Hong Kong,30,485,14550
Bahia,Aeroporto Internacional de Viracopos,84715010,Reino Unido,3,115,345
Paraíba,Aeroporto Internacional do Recife,84715010,China,10,4049,40490
Rio Grande do Norte,Aeroporto Internacional do Recife,84715010,China,4,3,12
Rio Grande do Norte,Aeroporto Internacional do Recife,84715010,Malásia,4,200,800
Rio Grande do Norte,Aeroporto Internacional do Recife,84715010,Suíça,12,134,1608
Rio Grande do Norte,Aeroporto Internacional do Recife,84715010,Áustria,6,226,1356
Bahia,Aeroporto Internacional de Salvador,84715010,Estados Unidos,4,39,156
Bahia,Aeroporto Internacional de Guarulhos,84715010,Eslováquia,1,49,49
Bahia,Aeroporto Internacional de Viracopos,84715010,China,5,893,4465
Bahia,Aeroporto Internacional de Viracopos,84715020,Estados Unidos,1,294,294
Pernambuco,Aeroporto Internacional do Recife,84715010,Estados Unidos,1,16,16
Bahia,Aeroporto Internacional de Viracopos,84715010,China,2,190,380
Bahia,Aeroporto Internacional de Viracopos,84715010,Itália,1,345,345
Ceará,Aeroporto Internacional de Fortaleza,84715020,Estados Unidos,1,380,380
Paraíba,Aeroporto Internacional do Recife,84715010,China,17,9402,159834
Paraíba,Aeroporto Internacional do Recife,84715010,Estados Unidos,13,46,598
Pernambuco,Aeroporto Internacional do Recife,84715010,México,70,668,46760
Bahia,Aeroporto Internacional de Viracopos,84715010,China,4,2235,8940
Pernambuco,Aeroporto Internacional do Recife,84715010,Hungria,1,186,186
Bahia,Aeroporto Internacional de Guarulhos,84715010,China,27,16501,445527
Bahia,Aeroporto Internacional de Viracopos,84715010,China,6,334,2004
Bahia,Aeroporto Internacional de Viracopos,84715010,Japão,1,160,160
Paraíba,Aeroporto Internacional do Recife,84715010,China,16,194,3104
Pernambuco,Aeroporto Internacional do Recife,84715010,Alemanha,1,150,150
Rio Grande do Norte,Aeroporto Internacional do Recife,84715010,Itália,5000,496,2480000
Alagoas,Aeroporto Internacional de Guarulhos,84715010,China,1,0,0
Ceará,Aeroporto Internacional de Fortaleza,84715010,Estados Unidos,1,3,3
Maranhão,Aeroporto Internacional de Guarulhos,84715010,Estados Unidos,4,158,632
Bahia,Aeroporto Internacional de Salvador,84715010,China,15,664,9960
Bahia,Aeroporto Internacional de Guarulhos,84715010,Polônia,12,1188,14256
Bahia,Aeroporto Internacional de Guarulhos,84715010,Taiwan (Formosa),1,49,49
Bahia,Aeroporto Internacional de Viracopos,84715010,Taiwan (Formosa),5,360,1800
Ceará,Aeroporto Internacional de Fortaleza,84715010,China,1,92,92
Paraíba,Aeroporto Internacional do Recife,84715010,Estados Unidos,1,159,159
Bahia,Aeroporto Internacional de Salvador,84715010,Alemanha,3,266,798
Bahia,Aeroporto Internacional de Salvador,84715010,Alemanha,1,293,293
Ceará,Aeroporto Internacional de Fortaleza,84715030,Polônia,1,672,672
Paraíba,Aeroporto Internacional do Recife,84715010,China,1,35,35
Paraíba,Aeroporto Internacional do Recife,84715010,México,1,309,309
Paraíba,Aeroporto Internacional de Viracopos,84715010,China,1,332,332
Bahia,Aeroporto Internacional de Viracopos,84715010,Estados Unidos,2,346,692
Bahia,Aeroporto Internacional de Florianópolis,84715010,Tailândia,1,388,388
Pernambuco,Aeroporto Internacional do Recife,84715010,China,29,1901,55129
Pernambuco,Aeroporto Internacional do Recife,84715010,Taiwan (Formosa),4,233,932
Alagoas,Aeroporto Internacional de Viracopos,84715010,China,1,17,17
Bahia,Aeroporto Internacional de Salvador,84715020,Países Baixos (Holanda),1,1072,1072
Ceará,Aeroporto Internacional de Fortaleza,84715010,Espanha,1,373,373
Ceará,Aeroporto Internacional de Fortaleza,84715010,Áustria,1,250,250
Ceará,Aeroporto Internacional de Viracopos,84715010,Polônia,1,651,651
Pernambuco,Aeroporto Internacional do Recife,84715010,China,4,6,24
Pernambuco,Aeroporto Internacional de Guarulhos,84715010,Áustria,1,237,237
Pernambuco,Aeroporto Internacional de Viracopos,84715010,Taiwan (Formosa),1,27,27
Bahia,Aeroporto Internacional de Salvador,84715010,Alemanha,2,140,280
Bahia,Aeroporto Internacional de Salvador,84715010,França,6,642,3852
Bahia,Aeroporto Internacional de Salvador,84715010,Tailândia,1,169,169
Bahia,Aeroporto Internacional de Viracopos,84715010,Estados Unidos,2,22,44
Ceará,Aeroporto Internacional de Fortaleza,84715010,China,42,485,20370
Maranhão,Aeroporto Internacional de Guarulhos,84715010,Austrália,1,907,907
Maranhão,Aeroporto Internacional de Guarulhos,84715020,Austrália,1,1734,1734
Paraíba,Aeroporto Internacional de Guarulhos,84715010,Estados Unidos,2,1504,3008
Pernambuco,Aeroporto Internacional do Recife,84715010,Estados Unidos,1,29,29
Pernambuco,Aeroporto Internacional do Recife,84715010,Itália,14,288,4032
Pernambuco,Aeroporto Internacional do Recife,84715010,México,6,3100,18600
Bahia,Aeroporto Internacional de Salvador,84715010,Polônia,1,460,460
Ceará,Aeroporto Internacional de Fortaleza,84715010,China,68,811,55148
Paraíba,Aeroporto Internacional do Recife,84715010,Taiwan (Formosa),2,19,38
Alagoas,Aeroporto Internacional do Recife,84715010,Alemanha,1,499,499
Bahia,Aeroporto Internacional de Salvador,84715010,Alemanha,2,516,1032
Bahia,Aeroporto Internacional de Salvador,84715010,Alemanha,1,45,45
Bahia,Aeroporto Internacional de Salvador,84715010,China,1,18,18
Bahia,Aeroporto Internacional de Salvador,84715020,Alemanha,1,59,59
Bahia,Aeroporto Internacional de Guarulhos,84715010,China,1,157,157
Pernambuco,Aeroporto Internacional do Recife,84715010,Estados Unidos,2,392,784
Rio Grande do Norte,Aeroporto Internacional de Fortaleza,84715010,Áustria,2,30,60
Rio Grande do Norte,Aeroporto Internacional do Recife,84715010,Alemanha,1,13,13
Rio Grande do Norte,Aeroporto Internacional do Recife,84715010,México,1,760,760
Bahia,Aeroporto Internacional de Salvador,84715010,Japão,1,184,184
Bahia,Aeroporto Internacional de Viracopos,84715010,Estados Unidos,5,448,2240
Pernambuco,Aeroporto Internacional do Recife,84715010,Itália,1,325,325
Bahia,Aeroporto Internacional de Salvador,84715030,França,1,898,898
Pernambuco,Aeroporto Internacional de Guarulhos,84715010,França,2,26,52
Bahia,Aeroporto Internacional de Salvador,84715010,China,13,178,2314
Bahia,Aeroporto Internacional de Salvador,84715010,Estados Unidos,4,115,460
Bahia,Aeroporto Internacional de Salvador,84715010,México,14,378,5292
Bahia,Aeroporto Internacional de Guarulhos,84715010,Alemanha,1,37,37
Bahia,Aeroporto Internacional de Viracopos,84715010,Estados Unidos,2,110,220
Ceará,Aeroporto Internacional de Fortaleza,84715010,México,130,2717,353210
Paraíba,Aeroporto Internacional do Rio de Janeiro,84715010,Alemanha,1,282,282
Pernambuco,Aeroporto Internacional do Recife,84715030,"Tcheca, República",3,1647,4941
Bahia,Aeroporto Internacional de Salvador,84715010,México,2,296,592
Bahia,Aeroporto Internacional de Guarulhos,84715010,México,1,159,159
Ceará,Aeroporto Internacional de Fortaleza,84715010,México,25,262,6550
Alagoas,Aeroporto Internacional de Guarulhos,84715010,China,10,4222,42220
Bahia,Aeroporto Internacional de Salvador,84715010,Espanha,1,631,631
Bahia,Aeroporto Internacional do Rio de Janeiro,84715010,Estados Unidos,1,390,390
Bahia,Aeroporto Internacional de Guarulhos,84715010,Canadá,1,36,36
Paraíba,Aeroporto Internacional do Recife,84715010,Estados Unidos,3,8970,26910
Piauí,Aeroporto Internacional de Salvador,84715010,Áustria,4,19,76
Bahia,Aeroporto Internacional de Salvador,84715010,Alemanha,3,1330,3990
Bahia,Aeroporto Internacional de Salvador,84715010,Espanha,1,622,622
Bahia,Aeroporto Internacional de Viracopos,84715010,China,4,45,180
Bahia,Aeroporto Internacional de Viracopos,84715010,Malásia,1,19,19
Bahia,Aeroporto Internacional de Salvador,84715010,China,900,3109,2798100
Maranhão,Aeroporto Internacional de Guarulhos,84715010,Estados Unidos,2,866,1732
Paraíba,Aeroporto Internacional do Recife,84715010,China,300,2484,745200
Bahia,Aeroporto Internacional de Salvador,84715010,Alemanha,1,9,9
Bahia,Aeroporto Internacional de Salvador,84715010,Espanha,1,797,797
Bahia,Aeroporto Internacional de Guarulhos,84715010,Estados Unidos,2,275,550
Bahia,Aeroporto Internacional de Viracopos,84715010,Espanha,3,21,63
Rio Grande do Norte,Aeroporto Internacional de Guarulhos,84715010,Áustria,2,95,190
Bahia,Aeroporto Internacional de Salvador,84715010,Canadá,59,8557,504863
Bahia,Aeroporto Internacional de Salvador,84715010,Estados Unidos,2,510,1020
Bahia,Aeroporto Internacional de Salvador,84715020,Itália,1,871,871
Ceará,Aeroporto Internacional de Fortaleza,84715010,China,1,1045,1045
Bahia,Aeroporto Internacional de Salvador,84715010,Alemanha,7,3299,23093
Bahia,Aeroporto Internacional de Salvador,84715010,Espanha,1,38,38
Bahia,Aeroporto Internacional de Salvador,84715010,México,1,16,16
Paraíba,Aeroporto Internacional do Rio de Janeiro,84715010,Reino Unido,1,704,704
Bahia,Aeroporto Internacional de Salvador,84715010,Estados Unidos,1,7,7
Bahia,Aeroporto Internacional de Salvador,84715010,México,9,441,3969
Ceará,Aeroporto Internacional de Fortaleza,84715010,China,20,288,5760
Ceará,Aeroporto Internacional de Fortaleza,84715010,Itália,2,30,60
Bahia,Aeroporto Internacional de Salvador,84715010,Taiwan (Formosa),1,552,552
Ceará,Aeroporto Internacional de Fortaleza,84715010,China,40,453,18120
Paraíba,Aeroporto Internacional do Recife,84715010,China,25,90,2250
Paraíba,Aeroporto Internacional do Recife,84715010,Taiwan (Formosa),10,64,640
Pernambuco,Aeroporto Internacional do Recife,84715010,Estados Unidos,1,31,31
Bahia,Aeroporto Internacional de Salvador,84715010,Espanha,2,2,4
Bahia,Aeroporto Internacional de Salvador,84715010,Estados Unidos,1,554,554
Bahia,Aeroporto Internacional de Salvador,84715010,México,7,201,1407
Bahia,Aeroporto Internacional de Salvador,84715010,Taiwan (Formosa),11,1008,11088
Ceará,Aeroporto Internacional de Salvador,84715010,Espanha,1,178,178
Maranhão,Aeroporto Internacional de Fortaleza,84715010,Alemanha,2,26,52
Maranhão,Aeroporto Internacional de Fortaleza,84715010,China,2,22,44
Pernambuco,Aeroporto Internacional do Recife,84715010,Polônia,3,779,2337
Bahia,Aeroporto Internacional de Salvador,84715010,China,1,33,33
Bahia,Aeroporto Internacional de Salvador,84715010,Estados Unidos,2,403,806
Ceará,Aeroporto Internacional de Fortaleza,84715010,Alemanha,6,620,3720