Origem,Estado,Emissão hub carga,Emissão original carga
Aeroporto Adolfo Suárez Madrid-Barajas,Bahia,148,148
Aeroporto Adolfo Suárez Madrid-Barajas,Ceará,130,130
Aeroporto Internacional Don Mueang,Bahia,335,335
Aeroporto Internacional Don Mueang,Paraíba,325,6071
Aeroporto Internacional Hartsfield-Jackson Atlanta,Alagoas,150,1320
Aeroporto Internacional Hartsfield-Jackson Atlanta,Bahia,152,152
Aeroporto Internacional Hartsfield-Jackson Atlanta,Ceará,136,136
Aeroporto Internacional Hartsfield-Jackson Atlanta,Maranhão,125,2510
Aeroporto Internacional Hartsfield-Jackson Atlanta,Paraíba,148,1310
Aeroporto Internacional Hartsfield-Jackson Atlanta,Pernambuco,150,150
Aeroporto Internacional Hartsfield-Jackson Atlanta,Rio Grande do Norte,145,1368
Aeroporto Internacional de Budapeste Ferenc Liszt,Bahia,189,3648
Aeroporto Internacional de Budapeste Ferenc Liszt,Ceará,171,4124
Aeroporto Internacional de Budapeste Ferenc Liszt,Paraíba,173,1774
Aeroporto Internacional de Budapeste Ferenc Liszt,Pernambuco,175,175
Aeroporto Internacional de Changi,Bahia,338,7958
Aeroporto Internacional de Haneda (Tóquio),Bahia,376,376
Aeroporto Internacional de Hong Kong,Ceará,353,11011
Aeroporto Internacional de Hong Kong,Paraíba,351,10657
Aeroporto Internacional de Hong Kong,Pernambuco,352,10792
Aeroporto Internacional de Incheon,Ceará,344,344
Aeroporto Internacional de Kansai (Osaka),Bahia,377,377
Aeroporto Internacional de Kuala Lumpur (Sepang),Bahia,333,8056
Aeroporto Internacional de Kuala Lumpur (Sepang),Ceará,336,336
Aeroporto Internacional de Kuala Lumpur (Sepang),Paraíba,327,6116
Aeroporto Internacional de Kuala Lumpur (Sepang),Rio Grande do Norte,328,6241
Aeroporto Internacional de Narita (Tóquio),Bahia,376,376
Aeroporto Internacional de Noi Bai,Bahia,347,9265
Aeroporto Internacional de Noi Bai,Paraíba,334,6424
Aeroporto Internacional de Penang (Penang),Bahia,332,8089
Aeroporto Internacional de Penang (Penang),Ceará,333,333
Aeroporto Internacional de Penang (Penang),Paraíba,324,6021
Aeroporto Internacional de Penang (Penang),Rio Grande do Norte,325,6144
Aeroporto Internacional de Pequim Capital,Alagoas,336,9970
Aeroporto Internacional de Pequim Capital,Bahia,347,347
Aeroporto Internacional de Pequim Capital,Ceará,329,329
Aeroporto Internacional de Pequim Capital,Maranhão,332,6621
Aeroporto Internacional de Pequim Capital,Paraíba,331,6348
Aeroporto Internacional de Pequim Capital,Pernambuco,333,333
Aeroporto Internacional de Pequim Capital,Piauí,336,10152
Aeroporto Internacional de Pequim Capital,Rio Grande do Norte,329,329
Aeroporto Internacional de Pequim Capital,Sergipe,341,9710
Aeroporto Internacional de Suvarnabhumi,Bahia,336,336
Aeroporto Internacional de Suvarnabhumi,Paraíba,326,6085
Aeroporto Internacional de Taiwan Taoyuan,Bahia,376,376
Aeroporto Internacional de Taiwan Taoyuan,Ceará,362,362
Aeroporto Internacional de Taiwan Taoyuan,Maranhão,367,11157
Aeroporto Internacional de Taiwan Taoyuan,Paraíba,362,7529
Aeroporto Internacional de Taiwan Taoyuan,Pernambuco,363,363
Aeroporto Internacional de Tan Son Nhat,Bahia,349,8957
Aeroporto Internacional de Tan Son Nhat,Paraíba,340,6616
Aeroporto Internacional de Viena,Bahia,186,186
Aeroporto Internacional de Viena,Ceará,168,168
Aeroporto Internacional de Viena,Pernambuco,172,3887
Aeroporto Internacional de Viena,Piauí,177,1815
Aeroporto Internacional de Viena,Rio Grande do Norte,168,1787
Aeroporto Internacional de Xangai Pudong,Alagoas,358,11020
Aeroporto Internacional de Xangai Pudong,Bahia,369,369
Aeroporto Internacional de Xangai Pudong,Ceará,352,352
Aeroporto Internacional de Xangai Pudong,Maranhão,356,7543
Aeroporto Internacional de Xangai Pudong,Paraíba,353,7208
Aeroporto Internacional de Xangai Pudong,Pernambuco,355,355
Aeroporto Internacional de Xangai Pudong,Piauí,359,11243
Aeroporto Internacional de Xangai Pudong,Rio Grande do Norte,351,351
Aeroporto Internacional de Xangai Pudong,Sergipe,364,10747
Aeroporto de Barcelona-El Prat (Espanha),Bahia,157,157
Aeroporto de Barcelona-El Prat (Espanha),Ceará,139,139
Aeroporto de Bratislava,Bahia,187,3512
Aeroporto de Bruxelas,Pernambuco,162,3311
Aeroporto de Copenhague,Bahia,171,171
Aeroporto de Copenhague,Ceará,150,3587
Aeroporto de Copenhague,Pernambuco,158,158
Aeroporto de Copenhague,Rio Grande do Norte,153,1439
Aeroporto de Estocolmo-Arlanda,Bahia,204,204
Aeroporto de Frankfurt,Alagoas,168,1600
Aeroporto de Frankfurt,Bahia,179,179
Aeroporto de Frankfurt,Ceará,160,160
Aeroporto de Frankfurt,Maranhão,165,1721
Aeroporto de Frankfurt,Paraíba,163,3449
Aeroporto de Frankfurt,Pernambuco,165,165
Aeroporto de Frankfurt,Piauí,168,2275
Aeroporto de Frankfurt,Rio Grande do Norte,161,161
Aeroporto de Gatwick (Londres),Bahia,172,3151
Aeroporto de Gatwick (Londres),Paraíba,156,3252
Aeroporto de Heathrow (Londres),Bahia,172,3159
Aeroporto de Heathrow (Londres),Paraíba,156,3261
Aeroporto de Helsinque,Pernambuco,198,198
Aeroporto de Milão-Malpensa,Bahia,172,172
Aeroporto de Milão-Malpensa,Ceará,154,154
Aeroporto de Milão-Malpensa,Pernambuco,158,158
Aeroporto de Milão-Malpensa,Rio Grande do Norte,154,1521
Aeroporto de Praga,Alagoas,175,1731
Aeroporto de Praga,Bahia,186,186
Aeroporto de Praga,Pernambuco,172,172
Aeroporto de Praga,Rio Grande do Norte,168,4010
Aeroporto de Roma-Fiumicino,Bahia,171,171
Aeroporto de Roma-Fiumicino,Ceará,154,154
Aeroporto de Roma-Fiumicino,Pernambuco,157,157
Aeroporto de Roma-Fiumicino,Rio Grande do Norte,153,1501
Aeroporto de Schiphol (Amsterdã),Bahia,179,179
Aeroporto de Schiphol (Amsterdã),Pernambuco,165,165
Aeroporto de Toulouse-Blagnac (França),Bahia,160,160
Aeroporto de Toulouse-Blagnac (França),Ceará,142,142
Aeroporto de Toulouse-Blagnac (França),Pernambuco,146,3150
Aeroporto de Varsóvia Chopin,Bahia,197,197
Aeroporto de Varsóvia Chopin,Ceará,179,179
Aeroporto de Varsóvia Chopin,Maranhão,184,4406
Aeroporto de Varsóvia Chopin,Pernambuco,183,183
Aeroporto de Zurique,Maranhão,162,3506
Aeroporto de Zurique,Pernambuco,161,161
Aeroporto de Zurique,Rio Grande do Norte,157,1572
