Destino,Origem,Intermerdiario,Final,Distancia,Emissão de CO2
Alagoas,Aeroporto Internacional de Xangai Pudong,Aeroporto Internacional do Recife,Aeroporto Internacional de Maceió,16642,5043.9
Alagoas,Aeroporto de Frankfurt,Aeroporto Internacional do Recife,Aeroporto Internacional de Maceió,7829,1116.27
Alagoas,Aeroporto Internacional de Pequim Capital,Aeroporto Internacional do Recife,Aeroporto Internacional de Maceió,15619,4442.86
Bahia,Aeroporto Internacional de Tan Son Nhat,Aeroporto Internacional de Guarulhos,Aeroporto Internacional de Salvador,18303,6100.99
Bahia,Aeroporto de Bratislava,Aeroporto Internacional de Guarulhos,Aeroporto Internacional de Salvador,11597,2449.33
Bahia,Aeroporto Internacional de Penang (Penang),Aeroporto Internacional de Guarulhos,Aeroporto Internacional de Salvador,17385,5504.34
Bahia,Aeroporto Internacional de Budapeste Ferenc Liszt,Aeroporto Internacional de Guarulhos,Aeroporto Internacional de Salvador,11678,2483.66
Bahia,Aeroporto Internacional de Taiwan Taoyuan,Aeroporto Internacional de Guarulhos,Aeroporto Internacional de Salvador,20217,7443.7
Bahia,Aeroporto Internacional de Haneda (Tóquio),Aeroporto Internacional de Viracopos,Aeroporto Internacional de Salvador,19972,7264.38
Bahia,Aeroporto de Frankfurt,Aeroporto Internacional de Guarulhos,Aeroporto Internacional de Salvador,11224,2294.3
Bahia,Aeroporto Internacional de Kuala Lumpur (Sepang),Aeroporto Internacional de Florianópolis,Aeroporto Internacional de Salvador,17774,5753.42
Bahia,Aeroporto de Toulouse-Blagnac (França),Aeroporto Internacional de Guarulhos,Aeroporto Internacional de Salvador,10337,1946.01
Bahia,Aeroporto Internacional de Viena,Aeroporto Internacional de Guarulhos,Aeroporto Internacional de Salvador,11553,2430.78
Bahia,Aeroporto de Barcelona-El Prat (Espanha),Aeroporto Internacional de Guarulhos,Aeroporto Internacional de Salvador,10190,1891.05
Bahia,Aeroporto de Schiphol (Amsterdã),Aeroporto Internacional de Guarulhos,Aeroporto Internacional de Salvador,11199,2284.1
Bahia,Aeroporto de Estocolmo-Arlanda,Aeroporto Internacional de Guarulhos,Aeroporto Internacional de Salvador,12348,2776.83
Bahia,Aeroporto de Heathrow (Londres),Aeroporto Internacional de Guarulhos,Aeroporto Internacional de Salvador,10884,2157.41
Bahia,Aeroporto Internacional de Pequim Capital,Aeroporto Internacional de Guarulhos,Aeroporto Internacional de Salvador,19026,6592.51
Bahia,Aeroporto Internacional Don Mueang,Aeroporto Internacional de Guarulhos,Aeroporto Internacional de Salvador,17860,5809.23
Bahia,Aeroporto Internacional de Changi,Aeroporto Internacional de Florianópolis,Aeroporto Internacional de Salvador,17840,5796.23
Bahia,Aeroporto Internacional de Xangai Pudong,Aeroporto Internacional de Guarulhos,Aeroporto Internacional de Salvador,20029,7305.91
Bahia,Aeroporto de Roma-Fiumicino,Aeroporto Internacional de Guarulhos,Aeroporto Internacional de Salvador,10862,2148.7
Bahia,Aeroporto de Gatwick (Londres),Aeroporto Internacional de Guarulhos,Aeroporto Internacional de Salvador,10869,2151.47
Bahia,Aeroporto Internacional de Noi Bai,Aeroporto Internacional de Guarulhos,Aeroporto Internacional de Salvador,18619,6313.47
Bahia,Aeroporto de Milão-Malpensa,Aeroporto Internacional de Guarulhos,Aeroporto Internacional de Salvador,10912,2168.52
Bahia,Aeroporto Internacional de Suvarnabhumi,Aeroporto Internacional de Guarulhos,Aeroporto Internacional de Salvador,17865,5812.48
Bahia,Aeroporto Internacional de Kansai (Osaka),Aeroporto Internacional de Viracopos,Aeroporto Internacional de Salvador,20243,7462.86
Bahia,Aeroporto Adolfo Suárez Madrid-Barajas,Aeroporto Internacional de Guarulhos,Aeroporto Internacional de Salvador,9803,1750.14
Bahia,Aeroporto Internacional de Narita (Tóquio),Aeroporto Internacional de Viracopos,Aeroporto Internacional de Salvador,19924,7229.51
Bahia,Aeroporto de Varsóvia Chopin,Aeroporto Internacional de Guarulhos,Aeroporto Internacional de Salvador,12063,2650.12
Ceará,Aeroporto Internacional de Penang (Penang),Aeroporto Internacional de Salvador,Aeroporto Internacional de Fortaleza,16425,4913.22
Ceará,Aeroporto de Roma-Fiumicino,*,Aeroporto Internacional de Fortaleza,7191,114.59
Ceará,Aeroporto Internacional de Kuala Lumpur (Sepang),Aeroporto Internacional de Salvador,Aeroporto Internacional de Fortaleza,16504,4960.6
Ceará,Aeroporto de Toulouse-Blagnac (França),*,Aeroporto Internacional de Fortaleza,6596,105.11
Ceará,Aeroporto de Frankfurt,*,Aeroporto Internacional de Fortaleza,7471,119.05
Ceará,Aeroporto Internacional de Budapeste Ferenc Liszt,*,Aeroporto Internacional de Fortaleza,7982,127.2
Ceará,Aeroporto Internacional de Taiwan Taoyuan,*,Aeroporto Internacional de Fortaleza,16816,267.97
Ceará,Aeroporto Adolfo Suárez Madrid-Barajas,*,Aeroporto Internacional de Fortaleza,6059,96.55
Ceará,Aeroporto Internacional de Pequim Capital,*,Aeroporto Internacional de Fortaleza,15276,243.43
Ceará,Aeroporto Internacional de Hong Kong,*,Aeroporto Internacional de Fortaleza,16414,261.56
Ceará,Aeroporto Internacional de Viena,*,Aeroporto Internacional de Fortaleza,7841,124.95
Ceará,Aeroporto de Milão-Malpensa,*,Aeroporto Internacional de Fortaleza,7189,114.56
Ceará,Aeroporto de Varsóvia Chopin,*,Aeroporto Internacional de Fortaleza,8331,132.76
Ceará,Aeroporto de Barcelona-El Prat (Espanha),*,Aeroporto Internacional de Fortaleza,6468,103.07
Ceará,Aeroporto Internacional de Incheon,*,Aeroporto Internacional de Fortaleza,15975,254.57
Ceará,Aeroporto Internacional de Xangai Pudong,*,Aeroporto Internacional de Fortaleza,16349,260.53
Maranhão,Aeroporto de Frankfurt,Aeroporto Internacional de Fortaleza,Aeroporto Internacional de São Luís,8118,1200.2
Maranhão,Aeroporto Internacional de Taiwan Taoyuan,Aeroporto Internacional de Fortaleza,Aeroporto Internacional de São Luís,17463,5553.84
Maranhão,Aeroporto de Zurique,Aeroporto Internacional de Fortaleza,Aeroporto Internacional de São Luís,7945,1149.59
Maranhão,Aeroporto Internacional de Pequim Capital,Aeroporto Internacional de Fortaleza,Aeroporto Internacional de São Luís,15923,4617.48
Maranhão,Aeroporto de Varsóvia Chopin,Aeroporto Internacional de Fortaleza,Aeroporto Internacional de São Luís,8978,1467.96
Maranhão,Aeroporto Internacional de Xangai Pudong,Aeroporto Internacional de Fortaleza,Aeroporto Internacional de São Luís,16996,5260.77
Pernambuco,Aeroporto Internacional de Xangai Pudong,Aeroporto Internacional do Rio de Janeiro,Aeroporto Internacional do Recife,20130,7379.78
Pernambuco,Aeroporto de Bruxelas,Aeroporto Internacional do Rio de Janeiro,Aeroporto Internacional do Recife,11261,2309.46
Pernambuco,Aeroporto de Milão-Malpensa,Aeroporto Internacional do Rio de Janeiro,Aeroporto Internacional do Recife,11072,2232.58
Pernambuco,Aeroporto de Zurique,Aeroporto Internacional do Rio de Janeiro,Aeroporto Internacional do Recife,11201,2284.91
Pernambuco,Aeroporto de Schiphol (Amsterdã),Aeroporto Internacional do Rio de Janeiro,Aeroporto Internacional do Recife,11388,2361.84
Pernambuco,Aeroporto Internacional de Pequim Capital,Aeroporto Internacional do Rio de Janeiro,Aeroporto Internacional do Recife,19172,6694.07
Pernambuco,Aeroporto Internacional de Hong Kong,Aeroporto Internacional do Rio de Janeiro,Aeroporto Internacional do Recife,19538,6952.1
Pernambuco,Aeroporto de Toulouse-Blagnac (França),Aeroporto Internacional do Rio de Janeiro,Aeroporto Internacional do Recife,10507,2010.54
Pernambuco,Aeroporto de Frankfurt,Aeroporto Internacional do Rio de Janeiro,Aeroporto Internacional do Recife,11398,2365.99
Pernambuco,Aeroporto Internacional de Budapeste Ferenc Liszt,Aeroporto Internacional do Rio de Janeiro,Aeroporto Internacional do Recife,11827,2547.45
Pernambuco,Aeroporto Internacional de Taiwan Taoyuan,Aeroporto Internacional do Rio de Janeiro,Aeroporto Internacional do Recife,20284,7493.12
Pernambuco,Aeroporto Internacional de Viena,Aeroporto Internacional do Rio de Janeiro,Aeroporto Internacional do Recife,11708,2496.44
Pernambuco,Aeroporto de Varsóvia Chopin,Aeroporto Internacional do Rio de Janeiro,Aeroporto Internacional do Recife,12225,2721.78
Pernambuco,Aeroporto de Helsinque,Aeroporto Internacional do Rio de Janeiro,Aeroporto Internacional do Recife,12912,3036.29
Pernambuco,Aeroporto de Roma-Fiumicino,Aeroporto Internacional do Rio de Janeiro,Aeroporto Internacional do Recife,11004,2205.25
Rio Grande do Norte,Aeroporto de Roma-Fiumicino,Aeroporto Internacional de Fortaleza,Aeroporto Internacional de Natal,7616,1056.35
Rio Grande do Norte,Aeroporto Internacional de Penang (Penang),Aeroporto Internacional do Recife,Aeroporto Internacional de Natal,15339,4284.99
Rio Grande do Norte,Aeroporto de Frankfurt,Aeroporto Internacional de Fortaleza,Aeroporto Internacional de Natal,7896,1135.46
Rio Grande do Norte,Aeroporto Internacional de Viena,Aeroporto Internacional de Fortaleza,Aeroporto Internacional de Natal,8266,1244.36
Rio Grande do Norte,Aeroporto Internacional de Kuala Lumpur (Sepang),Aeroporto Internacional do Recife,Aeroporto Internacional de Natal,15459,4352.3
Rio Grande do Norte,Aeroporto de Zurique,Aeroporto Internacional de Fortaleza,Aeroporto Internacional de Natal,7723,1086.24
Rio Grande do Norte,Aeroporto Internacional de Pequim Capital,Aeroporto Internacional de Fortaleza,Aeroporto Internacional de Natal,15701,4489.63
Rio Grande do Norte,Aeroporto de Milão-Malpensa,Aeroporto Internacional de Fortaleza,Aeroporto Internacional de Natal,7614,1055.8
Rio Grande do Norte,Aeroporto Internacional de Xangai Pudong,Aeroporto Internacional de Fortaleza,Aeroporto Internacional de Natal,16774,5124.23
Sergipe,Aeroporto Internacional de Pequim Capital,Aeroporto Internacional de Guarulhos,Aeroporto Internacional de Aracaju,19283,6771.81
Sergipe,Aeroporto Internacional de Xangai Pudong,Aeroporto Internacional de Guarulhos,Aeroporto Internacional de Aracaju,20286,7494.6
