Origem,Estado,Distância hub,Distância original
Aeroporto Internacional de Pequim Capital,Alagoas,15617.0,19539
Aeroporto Internacional Hartsfield-Jackson Atlanta,Alagoas,6983.0,7111
Aeroporto Internacional de Xangai Pudong,Alagoas,16641.0,20542
Aeroporto de Frankfurt,Alagoas,7825.0,7829
Aeroporto de Praga,Alagoas,8141.0,8143
Aeroporto Adolfo Suárez Madrid-Barajas,Bahia,6915.0,6915
Aeroporto Internacional de Tan Son Nhat,Bahia,16216.0,18520
Aeroporto Internacional Hartsfield-Jackson Atlanta,Bahia,7099.0,7099
Aeroporto de Barcelona-El Prat (Espanha),Bahia,7296.0,7296
Aeroporto de Frankfurt,Bahia,8336.0,8336
Aeroporto Internacional de Penang (Penang),Bahia,15414.0,17600
Aeroporto Internacional de Pequim Capital,Bahia,16130.0,16130
Aeroporto Internacional de Noi Bai,Bahia,16116.0,18836
Aeroporto Internacional de Xangai Pudong,Bahia,17150.0,17150
Aeroporto Internacional de Kuala Lumpur (Sepang),Bahia,15493.0,17564
Aeroporto Internacional de Viena,Bahia,8658.0,8658
Aeroporto Internacional de Changi,Bahia,15688.0,17457
Aeroporto de Estocolmo-Arlanda,Bahia,9475.0,9475
Aeroporto de Praga,Bahia,8653.0,8653
Aeroporto Internacional de Budapeste Ferenc Liszt,Bahia,8783.0,11820
Aeroporto de Milão-Malpensa,Bahia,8018.0,8018
Aeroporto de Copenhague,Bahia,7965.0,7965
Aeroporto de Varsóvia Chopin,Bahia,9170.0,9170
Aeroporto de Roma-Fiumicino,Bahia,7967.0,7967
Aeroporto de Toulouse-Blagnac (França),Bahia,7447.0,7447
Aeroporto de Bratislava,Bahia,8701.0,11597
Aeroporto de Gatwick (Londres),Bahia,7999.0,10985
Aeroporto Internacional de Taiwan Taoyuan,Bahia,17491.0,17491
Aeroporto de Heathrow (Londres),Bahia,8016.0,10999
Aeroporto Internacional de Narita (Tóquio),Bahia,17469.0,17469
Aeroporto Internacional Don Mueang,Bahia,15592.0,15592
Aeroporto Internacional de Suvarnabhumi,Bahia,15606.0,15606
Aeroporto Internacional de Kansai (Osaka),Bahia,17535.0,17535
Aeroporto Internacional de Haneda (Tóquio),Bahia,17489.0,17489
Aeroporto de Schiphol (Amsterdã),Bahia,8323.0,8323
Aeroporto Internacional Hartsfield-Jackson Atlanta,Ceará,6353.0,6353
Aeroporto de Varsóvia Chopin,Ceará,8332.0,8332
Aeroporto Internacional de Penang (Penang),Ceará,15464.0,15464
Aeroporto Internacional de Kuala Lumpur (Sepang),Ceará,15617.0,15617
Aeroporto Internacional de Xangai Pudong,Ceará,16349.0,16349
Aeroporto Internacional de Hong Kong,Ceará,16415.0,20534
Aeroporto de Toulouse-Blagnac (França),Ceará,6596.0,6596
Aeroporto de Frankfurt,Ceará,7472.0,7472
Aeroporto Internacional de Pequim Capital,Ceará,15277.0,15277
Aeroporto de Copenhague,Ceará,6997.0,11720
Aeroporto de Barcelona-El Prat (Espanha),Ceará,6469.0,6469
Aeroporto Internacional de Budapeste Ferenc Liszt,Ceará,7982.0,12567
Aeroporto Internacional de Taiwan Taoyuan,Ceará,16816.0,16816
Aeroporto Internacional de Incheon,Ceará,15975.0,15975
Aeroporto Adolfo Suárez Madrid-Barajas,Ceará,6059.0,6059
Aeroporto de Milão-Malpensa,Ceará,7189.0,7189
Aeroporto de Roma-Fiumicino,Ceará,7191.0,7191
Aeroporto Internacional de Viena,Ceará,7841.0,7841
Aeroporto Internacional Hartsfield-Jackson Atlanta,Maranhão,5818.0,9860
Aeroporto Internacional de Taiwan Taoyuan,Maranhão,17075.0,20670
Aeroporto Internacional de Pequim Capital,Maranhão,15429.0,15923
Aeroporto de Varsóvia Chopin,Maranhão,8578.0,12989
Aeroporto Internacional de Xangai Pudong,Maranhão,16524.0,16995
Aeroporto de Zurique,Maranhão,7547.0,11587
Aeroporto de Frankfurt,Maranhão,7697.0,8118
Aeroporto de Heathrow (Londres),Paraíba,7284.0,11175
Aeroporto Internacional de Tan Son Nhat,Paraíba,15797.0,15917
Aeroporto Internacional de Noi Bai,Paraíba,15535.0,15684
Aeroporto Internacional de Taiwan Taoyuan,Paraíba,16804.0,16980
Aeroporto de Gatwick (Londres),Paraíba,7267.0,11159
Aeroporto Internacional de Pequim Capital,Paraíba,15395.0,15591
Aeroporto Internacional de Suvarnabhumi,Paraíba,15138.0,15265
Aeroporto Internacional de Xangai Pudong,Paraíba,16424.0,16614
Aeroporto Internacional de Hong Kong,Paraíba,16293.0,20201
Aeroporto Internacional de Budapeste Ferenc Liszt,Paraíba,8049.0,8243
Aeroporto Internacional de Kuala Lumpur (Sepang),Paraíba,15207.0,15304
Aeroporto de Frankfurt,Paraíba,7599.0,11492
Aeroporto Internacional Hartsfield-Jackson Atlanta,Paraíba,6897.0,7083
Aeroporto Internacional de Penang (Penang),Paraíba,15080.0,15184
Aeroporto Internacional Don Mueang,Paraíba,15121.0,15248
Aeroporto Internacional de Pequim Capital,Pernambuco,15483.0,15483
Aeroporto Internacional de Xangai Pudong,Pernambuco,16506.0,16506
Aeroporto Internacional Hartsfield-Jackson Atlanta,Pernambuco,6975.0,6975
Aeroporto de Frankfurt,Pernambuco,7693.0,7693
Aeroporto de Roma-Fiumicino,Pernambuco,7320.0,7320
Aeroporto de Zurique,Pernambuco,7497.0,7497
Aeroporto de Helsinque,Pernambuco,9208.0,9208
Aeroporto de Milão-Malpensa,Pernambuco,7371.0,7371
Aeroporto de Copenhague,Pernambuco,7359.0,7359
Aeroporto de Schiphol (Amsterdã),Pernambuco,7685.0,7685
Aeroporto Internacional de Hong Kong,Pernambuco,16343.0,20329
Aeroporto de Bruxelas,Pernambuco,7557.0,11261
Aeroporto Internacional de Viena,Pernambuco,8010.0,12200
Aeroporto Internacional de Budapeste Ferenc Liszt,Pernambuco,8135.0,8135
Aeroporto Internacional de Taiwan Taoyuan,Pernambuco,16872.0,16872
Aeroporto de Praga,Pernambuco,8007.0,8007
Aeroporto de Varsóvia Chopin,Pernambuco,8523.0,8523
Aeroporto de Toulouse-Blagnac (França),Pernambuco,6802.0,10984
Aeroporto Internacional de Pequim Capital,Piauí,15617.0,19717
Aeroporto Internacional de Viena,Piauí,8237.0,8338
Aeroporto Internacional de Xangai Pudong,Piauí,16706.0,20749
Aeroporto de Frankfurt,Piauí,7842.0,9335
Aeroporto Internacional de Xangai Pudong,Rio Grande do Norte,16326.0,16326
Aeroporto de Praga,Rio Grande do Norte,7804.0,12392
Aeroporto Internacional Hartsfield-Jackson Atlanta,Rio Grande do Norte,6768.0,7238
Aeroporto de Copenhague,Rio Grande do Norte,7116.0,7423
Aeroporto de Frankfurt,Rio Grande do Norte,7482.0,7482
Aeroporto de Zurique,Rio Grande do Norte,7293.0,7760
Aeroporto Internacional de Viena,Rio Grande do Norte,7815.0,8273
Aeroporto Internacional de Kuala Lumpur (Sepang),Rio Grande do Norte,15248.0,15459
Aeroporto Internacional de Penang (Penang),Rio Grande do Norte,15111.0,15339
Aeroporto Internacional de Pequim Capital,Rio Grande do Norte,15285.0,15285
Aeroporto de Roma-Fiumicino,Rio Grande do Norte,7136.0,7583
Aeroporto de Milão-Malpensa,Rio Grande do Norte,7171.0,7634
Aeroporto Internacional de Xangai Pudong,Sergipe,16896.0,20286
Aeroporto Internacional de Pequim Capital,Sergipe,15873.0,19283
