Origem,Alagoas (Km),Alagoas (Hr - Comercial),Alagoas (Hr - Cargueiro),Amapá (Km),Amapá (Hr - Comercial),Amapá (Hr - Cargueiro),Amazonas (Km),Amazonas (Hr - Comercial),Amazonas (Hr - Cargueiro),Bahia (Km),Bahia (Hr - Comercial),Bahia (Hr - Cargueiro),Ceará (Km),Ceará (Hr - Comercial),Ceará (Hr - Cargueiro),Distrito Federal (Km),Distrito Federal (Hr - Comercial),Distrito Federal (Hr - Cargueiro),Espírito Santo (Km),Espírito Santo (Hr - Comercial),Espírito Santo (Hr - Cargueiro),Maranhão (Km),Maranhão (Hr - Comercial),Maranhão (Hr - Cargueiro),Mato Grosso (Km),Mato Grosso (Hr - Comercial),Mato Grosso (Hr - Cargueiro),Minas Gerais (Km),Minas Gerais (Hr - Comercial),Minas Gerais (Hr - Cargueiro),Pará (Km),Pará (Hr - Comercial),Pará (Hr - Cargueiro),Paraná (Km),Paraná (Hr - Comercial),Paraná (Hr - Cargueiro),Pernambuco (Km),Pernambuco (Hr - Comercial),Pernambuco (Hr - Cargueiro),Rio de Janeiro (Km),Rio de Janeiro (Hr - Comercial),Rio de Janeiro (Hr - Cargueiro),Rio Grande do Norte (Km),Rio Grande do Norte (Hr - Comercial),Rio Grande do Norte (Hr - Cargueiro),Rio Grande do Sul (Km),Rio Grande do Sul (Hr - Comercial),Rio Grande do Sul (Hr - Cargueiro),Santa Catarina (Km),Santa Catarina (Hr - Comercial),Santa Catarina (Hr - Cargueiro),São Paulo (Km),São Paulo (Hr - Comercial),São Paulo (Hr - Cargueiro),Sergipe (Km),Sergipe (Hr - Comercial),Sergipe (Hr - Cargueiro)
Aeroporto Internacional Ninoy Aquino,17431,19:22 ~ 20:30,20:30 ~ 21:47,18182,20:12 ~ 21:23,21:23 ~ 22:43,18543,20:36 ~ 21:48,21:48 ~ 23:10,17795,19:46 ~ 20:56,20:56 ~ 22:14,17490,19:26 ~ 20:34,20:34 ~ 21:51,18838,20:55 ~ 22:09,22:09 ~ 23:32,17948,19:56 ~ 21:06,21:06 ~ 22:26,17934,19:55 ~ 21:05,21:05 ~ 22:25,19727,21:55 ~ 23:12,23:12 ~ 24:39,18264,20:17 ~ 21:29,21:29 ~ 22:49,18161,20:10 ~ 21:21,21:21 ~ 22:42,18446,20:29 ~ 21:42,21:42 ~ 23:03,17316,19:14 ~ 20:22,20:22 ~ 21:38,18119,20:07 ~ 21:18,21:18 ~ 22:38,17262,19:10 ~ 20:18,20:18 ~ 21:34,18116,20:07 ~ 21:18,21:18 ~ 22:38,18200,20:13 ~ 21:24,21:24 ~ 22:45,18378,20:25 ~ 21:37,21:37 ~ 22:58,17624,19:34 ~ 20:44,20:44 ~ 22:01
Aeroporto Internacional de Taiwan Taoyuan,17006,18:53 ~ 20:00,20:00 ~ 21:15,17106,19:00 ~ 20:07,20:07 ~ 21:22,17472,19:24 ~ 20:33,20:33 ~ 21:50,17491,19:26 ~ 20:34,20:34 ~ 21:51,16816,18:41 ~ 19:47,19:47 ~ 21:01,18498,20:33 ~ 21:45,21:45 ~ 23:07,18059,20:03 ~ 21:14,21:14 ~ 22:34,17075,18:58 ~ 20:05,20:05 ~ 21:20,18933,21:02 ~ 22:16,22:16 ~ 23:39,18320,20:21 ~ 21:33,21:33 ~ 22:53,17162,19:04 ~ 20:11,20:11 ~ 21:27,19064,21:10 ~ 22:25,22:25 ~ 23:49,16872,18:44 ~ 19:50,19:50 ~ 21:05,18426,20:28 ~ 21:40,21:40 ~ 23:01,16727,18:35 ~ 19:40,19:40 ~ 20:54,19093,21:12 ~ 22:27,22:27 ~ 23:51,18969,21:04 ~ 22:18,22:18 ~ 23:42,18769,20:51 ~ 22:04,22:04 ~ 23:27,17251,19:10 ~ 20:17,20:17 ~ 21:33
Aeroporto Internacional de Xangai Pudong,16641,18:29 ~ 19:34,19:34 ~ 20:48,16473,18:18 ~ 19:22,19:22 ~ 20:35,16815,18:41 ~ 19:46,19:46 ~ 21:01,17150,19:03 ~ 20:10,20:10 ~ 21:26,16349,18:09 ~ 19:14,19:14 ~ 20:26,18024,20:01 ~ 21:12,21:12 ~ 22:31,17863,19:50 ~ 21:00,21:00 ~ 22:19,16524,18:21 ~ 19:26,19:26 ~ 20:39,18278,20:18 ~ 21:30,21:30 ~ 22:50,18050,20:03 ~ 21:14,21:14 ~ 22:33,16557,18:23 ~ 19:28,19:28 ~ 20:41,18921,21:01 ~ 22:15,22:15 ~ 23:39,16506,18:20 ~ 19:25,19:25 ~ 20:37,18277,20:18 ~ 21:30,21:30 ~ 22:50,16326,18:08 ~ 19:12,19:12 ~ 20:24,19342,21:29 ~ 22:45,22:45 ~ 24:10,19014,21:07 ~ 22:22,22:22 ~ 23:46,18581,20:38 ~ 21:51,21:51 ~ 23:13,16896,18:46 ~ 19:52,19:52 ~ 21:07
Aeroporto Internacional de Hong Kong,16471,18:18 ~ 19:22,19:22 ~ 20:35,17053,18:56 ~ 20:03,20:03 ~ 21:18,17906,19:53 ~ 21:03,21:03 ~ 22:22,16913,18:47 ~ 19:53,19:53 ~ 21:08,16414,18:14 ~ 19:18,19:18 ~ 20:31,17993,19:59 ~ 21:10,21:10 ~ 22:29,17349,19:16 ~ 20:24,20:24 ~ 21:41,16805,18:40 ~ 19:46,19:46 ~ 21:00,18768,20:51 ~ 22:04,22:04 ~ 23:27,17641,19:36 ~ 20:45,20:45 ~ 22:03,17017,18:54 ~ 20:01,20:01 ~ 21:16,18278,20:18 ~ 21:30,21:30 ~ 22:50,16343,18:09 ~ 19:13,19:13 ~ 20:25,17677,19:38 ~ 20:47,20:47 ~ 22:05,16242,18:02 ~ 19:06,19:06 ~ 20:18,18309,20:20 ~ 21:32,21:32 ~ 22:53,18163,20:10 ~ 21:22,21:22 ~ 22:42,18018,20:01 ~ 21:11,21:11 ~ 22:31,16697,18:33 ~ 19:38,19:38 ~ 20:52
Aeroporto Internacional de Kansai (Osaka),17047,18:56 ~ 20:03,20:03 ~ 21:18,16132,17:55 ~ 18:58,18:58 ~ 20:09,15914,17:40 ~ 18:43,18:43 ~ 19:53,17535,19:29 ~ 20:37,20:37 ~ 21:55,16550,18:23 ~ 19:28,19:28 ~ 20:41,17923,19:54 ~ 21:05,21:05 ~ 22:24,18374,20:24 ~ 21:36,21:36 ~ 22:58,16478,18:18 ~ 19:23,19:23 ~ 20:35,17623,19:34 ~ 20:43,20:43 ~ 22:01,18356,20:23 ~ 21:35,21:35 ~ 22:56,16324,18:08 ~ 19:12,19:12 ~ 20:24,18904,21:00 ~ 22:14,22:14 ~ 23:37,16924,18:48 ~ 19:54,19:54 ~ 21:09,18717,20:47 ~ 22:01,22:01 ~ 23:23,16685,18:32 ~ 19:37,19:37 ~ 20:51,19239,21:22 ~ 22:38,22:38 ~ 24:02,19176,21:18 ~ 22:33,22:33 ~ 23:58,18773,20:51 ~ 22:05,22:05 ~ 23:27,17290,19:12 ~ 20:20,20:20 ~ 21:36
Aeroporto Internacional de Haneda (Tóquio),17034,18:55 ~ 20:02,20:02 ~ 21:17,15908,17:40 ~ 18:42,18:42 ~ 19:53,15553,17:16 ~ 18:17,18:17 ~ 19:26,17489,19:25 ~ 20:34,20:34 ~ 21:51,16481,18:18 ~ 19:23,19:23 ~ 20:36,17695,19:39 ~ 20:49,20:49 ~ 22:07,18309,20:20 ~ 21:32,21:32 ~ 22:53,16332,18:08 ~ 19:12,19:12 ~ 20:24,17280,19:11 ~ 20:19,20:19 ~ 21:36,18214,20:14 ~ 21:25,21:25 ~ 22:46,16127,17:55 ~ 18:58,18:58 ~ 20:09,18584,20:38 ~ 21:51,21:51 ~ 23:13,16920,18:48 ~ 19:54,19:54 ~ 21:08,18575,20:38 ~ 21:51,21:51 ~ 23:13,16668,18:31 ~ 19:36,19:36 ~ 20:50,18825,20:55 ~ 22:08,22:08 ~ 23:31,18837,20:55 ~ 22:09,22:09 ~ 23:32,18535,20:35 ~ 21:48,21:48 ~ 23:10,17260,19:10 ~ 20:18,20:18 ~ 21:34
Aeroporto Internacional de Narita (Tóquio),17019,18:54 ~ 20:01,20:01 ~ 21:16,15869,17:37 ~ 18:40,18:40 ~ 19:50,15498,17:13 ~ 18:13,18:13 ~ 19:22,17469,19:24 ~ 20:33,20:33 ~ 21:50,16460,18:17 ~ 19:21,19:21 ~ 20:34,17653,19:36 ~ 20:46,20:46 ~ 22:03,18284,20:18 ~ 21:30,21:30 ~ 22:51,16301,18:06 ~ 19:10,19:10 ~ 20:22,17227,19:08 ~ 20:16,20:16 ~ 21:32,18181,20:12 ~ 21:23,21:23 ~ 22:43,16090,17:52 ~ 18:55,18:55 ~ 20:06,18532,20:35 ~ 21:48,21:48 ~ 23:09,16907,18:47 ~ 19:53,19:53 ~ 21:08,18540,20:36 ~ 21:48,21:48 ~ 23:10,16654,18:30 ~ 19:35,19:35 ~ 20:49,18766,20:51 ~ 22:04,22:04 ~ 23:27,18782,20:52 ~ 22:05,22:05 ~ 23:28,18490,20:32 ~ 21:45,21:45 ~ 23:06,17243,19:09 ~ 20:17,20:17 ~ 21:33
Aeroporto Internacional de Incheon,16388,18:12 ~ 19:16,19:16 ~ 20:29,15844,17:36 ~ 18:38,18:38 ~ 19:48,16012,17:47 ~ 18:50,18:50 ~ 20:00,16898,18:46 ~ 19:52,19:52 ~ 21:07,15975,17:45 ~ 18:47,18:47 ~ 19:58,17549,19:29 ~ 20:38,20:38 ~ 21:56,17713,19:40 ~ 20:50,20:50 ~ 22:08,16028,17:48 ~ 18:51,18:51 ~ 20:02,17570,19:31 ~ 20:40,20:40 ~ 21:57,17793,19:46 ~ 20:55,20:55 ~ 22:14,15975,17:45 ~ 18:47,18:47 ~ 19:58,18590,20:39 ~ 21:52,21:52 ~ 23:14,16257,18:03 ~ 19:07,19:07 ~ 20:19,18116,20:07 ~ 21:18,21:18 ~ 22:38,16040,17:49 ~ 18:52,18:52 ~ 20:03,19148,21:16 ~ 22:31,22:31 ~ 23:56,18825,20:55 ~ 22:08,22:08 ~ 23:31,18312,20:20 ~ 21:32,21:32 ~ 22:53,16642,18:29 ~ 19:34,19:34 ~ 20:48
Aeroporto Internacional de Pyongyang Sunan,16188,17:59 ~ 19:02,19:02 ~ 20:14,15644,17:22 ~ 18:24,18:24 ~ 19:33,15853,17:36 ~ 18:39,18:39 ~ 19:48,16696,18:33 ~ 19:38,19:38 ~ 20:52,15769,17:31 ~ 18:33,18:33 ~ 19:42,17343,19:16 ~ 20:24,20:24 ~ 21:40,17515,19:27 ~ 20:36,20:36 ~ 21:53,15821,17:34 ~ 18:36,18:36 ~ 19:46,17383,19:18 ~ 20:27,20:27 ~ 21:43,17589,19:32 ~ 20:41,20:41 ~ 21:59,15771,17:31 ~ 18:33,18:33 ~ 19:42,18383,20:25 ~ 21:37,21:37 ~ 22:58,16057,17:50 ~ 18:53,18:53 ~ 20:04,17915,19:54 ~ 21:04,21:04 ~ 22:23,15838,17:35 ~ 18:37,18:37 ~ 19:47,18941,21:02 ~ 22:17,22:17 ~ 23:40,18618,20:41 ~ 21:54,21:54 ~ 23:16,18106,20:07 ~ 21:18,21:18 ~ 22:37,16441,18:16 ~ 19:20,19:20 ~ 20:33
Aeroporto Internacional de Tan Son Nhat,15910,17:40 ~ 18:43,18:43 ~ 19:53,17289,19:12 ~ 20:20,20:20 ~ 21:36,18881,20:58 ~ 22:12,22:12 ~ 23:36,16216,18:01 ~ 19:04,19:04 ~ 20:16,16116,17:54 ~ 18:57,18:57 ~ 20:08,17227,19:08 ~ 20:16,20:16 ~ 21:32,16344,18:09 ~ 19:13,19:13 ~ 20:25,16692,18:32 ~ 19:38,19:38 ~ 20:51,18124,20:08 ~ 21:19,21:19 ~ 22:39,16661,18:30 ~ 19:36,19:36 ~ 20:49,17092,18:59 ~ 20:06,20:06 ~ 21:21,17017,18:54 ~ 20:01,20:01 ~ 21:16,15809,17:33 ~ 18:35,18:35 ~ 19:45,16556,18:23 ~ 19:28,19:28 ~ 20:41,15806,17:33 ~ 18:35,18:35 ~ 19:45,16891,18:46 ~ 19:52,19:52 ~ 21:06,16830,18:41 ~ 19:48,19:48 ~ 21:02,16855,18:43 ~ 19:49,19:49 ~ 21:04,16072,17:51 ~ 18:54,18:54 ~ 20:05
Aeroporto Internacional de Noi Bai,15699,17:26 ~ 18:28,18:28 ~ 19:37,16579,18:25 ~ 19:30,19:30 ~ 20:43,17853,19:50 ~ 21:00,21:00 ~ 22:18,16116,17:54 ~ 18:57,18:57 ~ 20:08,15717,17:27 ~ 18:29,18:29 ~ 19:38,17202,19:06 ~ 20:14,20:14 ~ 21:30,16508,18:20 ~ 19:25,19:25 ~ 20:38,16181,17:58 ~ 19:02,19:02 ~ 20:13,18058,20:03 ~ 21:14,21:14 ~ 22:34,16804,18:40 ~ 19:46,19:46 ~ 21:00,16473,18:18 ~ 19:22,19:22 ~ 20:35,17437,19:22 ~ 20:30,20:30 ~ 21:47,15576,17:18 ~ 18:19,18:19 ~ 19:28,16831,18:42 ~ 19:48,19:48 ~ 21:02,15501,17:13 ~ 18:14,18:14 ~ 19:22,17525,19:28 ~ 20:37,20:37 ~ 21:54,17339,19:15 ~ 20:23,20:23 ~ 21:40,17171,19:04 ~ 20:12,20:12 ~ 21:27,15913,17:40 ~ 18:43,18:43 ~ 19:53
Aeroporto Internacional de Pequim Capital,15617,17:21 ~ 18:22,18:22 ~ 19:31,15391,17:06 ~ 18:06,18:06 ~ 19:14,15927,17:41 ~ 18:44,18:44 ~ 19:54,16130,17:55 ~ 18:58,18:58 ~ 20:09,15276,16:58 ~ 17:58,17:58 ~ 19:05,16936,18:49 ~ 19:55,19:55 ~ 21:10,16907,18:47 ~ 19:53,19:53 ~ 21:08,15429,17:08 ~ 18:09,18:09 ~ 19:17,17215,19:07 ~ 20:15,20:15 ~ 21:31,17040,18:56 ~ 20:02,20:02 ~ 21:18,15463,17:10 ~ 18:11,18:11 ~ 19:19,17901,19:53 ~ 21:03,21:03 ~ 22:22,15483,17:12 ~ 18:12,18:12 ~ 19:21,17323,19:14 ~ 20:22,20:22 ~ 21:39,15285,16:59 ~ 17:58,17:58 ~ 19:06,18438,20:29 ~ 21:41,21:41 ~ 23:02,18075,20:04 ~ 21:15,21:15 ~ 22:35,17578,19:31 ~ 20:40,20:40 ~ 21:58,15873,17:38 ~ 18:40,18:40 ~ 19:50
Aeroporto Internacional de Wattay (Vientiane),15423,17:08 ~ 18:08,18:08 ~ 19:16,16518,18:21 ~ 19:25,19:25 ~ 20:38,17989,19:59 ~ 21:09,21:09 ~ 22:29,15807,17:33 ~ 18:35,18:35 ~ 19:45,15511,17:14 ~ 18:14,18:14 ~ 19:23,16885,18:45 ~ 19:51,19:51 ~ 21:06,16124,17:54 ~ 18:58,18:58 ~ 20:09,16026,17:48 ~ 18:51,18:51 ~ 20:01,17781,19:45 ~ 20:55,20:55 ~ 22:13,16430,18:15 ~ 19:19,19:19 ~ 20:32,16369,18:11 ~ 19:15,19:15 ~ 20:27,17001,18:53 ~ 20:00,20:00 ~ 21:15,15307,17:00 ~ 18:00,18:00 ~ 19:08,16422,18:14 ~ 19:19,19:19 ~ 20:31,15257,16:57 ~ 17:56,17:56 ~ 19:04,17050,18:56 ~ 20:03,20:03 ~ 21:18,16884,18:45 ~ 19:51,19:51 ~ 21:06,16756,18:37 ~ 19:42,19:42 ~ 20:56,15621,17:21 ~ 18:22,18:22 ~ 19:31
Aeroporto Internacional Ngurah Rai (Bali),16250,18:03 ~ 19:07,19:07 ~ 20:18,18223,20:14 ~ 21:26,21:26 ~ 22:46,18657,20:43 ~ 21:56,21:56 ~ 23:19,16239,18:02 ~ 19:06,19:06 ~ 20:17,16799,18:39 ~ 19:45,19:45 ~ 20:59,16715,18:34 ~ 19:39,19:39 ~ 20:53,15832,17:35 ~ 18:37,18:37 ~ 19:47,17421,19:21 ~ 20:29,20:29 ~ 21:46,17155,19:03 ~ 20:10,20:10 ~ 21:26,16085,17:52 ~ 18:55,18:55 ~ 20:06,17896,19:53 ~ 21:03,21:03 ~ 22:22,15883,17:38 ~ 18:41,18:41 ~ 19:51,16223,18:01 ~ 19:05,19:05 ~ 20:16,15790,17:32 ~ 18:34,18:34 ~ 19:44,16376,18:11 ~ 19:15,19:15 ~ 20:28,15478,17:11 ~ 18:12,18:12 ~ 19:20,15614,17:20 ~ 18:22,18:22 ~ 19:31,15929,17:41 ~ 18:44,18:44 ~ 19:54,16258,18:03 ~ 19:07,19:07 ~ 20:19
Aeroporto Internacional de Suvarnabhumi,15264,16:57 ~ 17:57,17:57 ~ 19:04,16572,18:24 ~ 19:29,19:29 ~ 20:42,18194,20:12 ~ 21:24,21:24 ~ 22:44,15606,17:20 ~ 18:21,18:21 ~ 19:30,15429,17:08 ~ 18:09,18:09 ~ 19:17,16657,18:30 ~ 19:35,19:35 ~ 20:49,15830,17:35 ~ 18:37,18:37 ~ 19:47,15990,17:45 ~ 18:48,18:48 ~ 19:59,17568,19:31 ~ 20:40,20:40 ~ 21:57,16144,17:56 ~ 18:59,18:59 ~ 20:10,16380,18:11 ~ 19:16,19:16 ~ 20:28,16632,18:28 ~ 19:34,19:34 ~ 20:47,15157,16:50 ~ 17:49,17:49 ~ 18:56,16094,17:52 ~ 18:56,18:56 ~ 20:07,15136,16:49 ~ 17:48,17:48 ~ 18:55,16622,18:28 ~ 19:33,19:33 ~ 20:46,16488,18:19 ~ 19:23,19:23 ~ 20:36,16417,18:14 ~ 19:18,19:18 ~ 20:31,15442,17:09 ~ 18:10,18:10 ~ 19:18
Aeroporto Internacional Don Mueang,15248,16:56 ~ 17:56,17:56 ~ 19:03,16548,18:23 ~ 19:28,19:28 ~ 20:41,18166,20:11 ~ 21:22,21:22 ~ 22:42,15592,17:19 ~ 18:20,18:20 ~ 19:29,15409,17:07 ~ 18:07,18:07 ~ 19:15,16645,18:29 ~ 19:34,19:34 ~ 20:48,15822,17:34 ~ 18:36,18:36 ~ 19:46,15968,17:44 ~ 18:47,18:47 ~ 19:57,17556,19:30 ~ 20:39,20:39 ~ 21:56,16135,17:55 ~ 18:58,18:58 ~ 20:10,16357,18:10 ~ 19:14,19:14 ~ 20:26,16630,18:28 ~ 19:33,19:33 ~ 20:47,15140,16:49 ~ 17:48,17:48 ~ 18:55,16088,17:52 ~ 18:55,18:55 ~ 20:06,15118,16:47 ~ 17:47,17:47 ~ 18:53,16624,18:28 ~ 19:33,19:33 ~ 20:46,16488,18:19 ~ 19:23,19:23 ~ 20:36,16412,18:14 ~ 19:18,19:18 ~ 20:30,15427,17:08 ~ 18:08,18:08 ~ 19:17
Aeroporto Internacional de Changi,15495,17:12 ~ 18:13,18:13 ~ 19:22,17257,19:10 ~ 20:18,20:18 ~ 21:34,18930,21:02 ~ 22:16,22:16 ~ 23:39,15688,17:25 ~ 18:27,18:27 ~ 19:36,15861,17:37 ~ 18:39,18:39 ~ 19:49,16555,18:23 ~ 19:28,19:28 ~ 20:41,15617,17:21 ~ 18:22,18:22 ~ 19:31,16498,18:19 ~ 19:24,19:24 ~ 20:37,17357,19:17 ~ 20:25,20:25 ~ 21:41,15927,17:41 ~ 18:44,18:44 ~ 19:54,16973,18:51 ~ 19:58,19:58 ~ 21:12,16110,17:53 ~ 18:57,18:57 ~ 20:08,15420,17:07 ~ 18:08,18:08 ~ 19:16,15750,17:30 ~ 18:31,18:31 ~ 19:41,15484,17:12 ~ 18:12,18:12 ~ 19:21,15900,17:40 ~ 18:42,18:42 ~ 19:52,15891,17:39 ~ 18:41,18:41 ~ 19:51,16009,17:47 ~ 18:50,18:50 ~ 20:00,15602,17:20 ~ 18:21,18:21 ~ 19:30
Aeroporto Internacional de Kuala Lumpur (Sepang),15276,16:58 ~ 17:58,17:58 ~ 19:05,16992,18:52 ~ 19:59,19:59 ~ 21:14,18698,20:46 ~ 21:59,21:59 ~ 23:22,15493,17:12 ~ 18:13,18:13 ~ 19:21,15616,17:21 ~ 18:22,18:22 ~ 19:31,16401,18:13 ~ 19:17,19:17 ~ 20:30,15473,17:11 ~ 18:12,18:12 ~ 19:20,16249,18:03 ~ 19:06,19:06 ~ 20:18,17238,19:09 ~ 20:16,20:16 ~ 21:32,15786,17:32 ~ 18:34,18:34 ~ 19:43,16717,18:34 ~ 19:40,19:40 ~ 20:53,16031,17:48 ~ 18:51,18:51 ~ 20:02,15196,16:53 ~ 17:52,17:52 ~ 18:59,15631,17:22 ~ 18:23,18:23 ~ 19:32,15248,16:56 ~ 17:56,17:56 ~ 19:03,15861,17:37 ~ 18:39,18:39 ~ 19:49,15825,17:34 ~ 18:37,18:37 ~ 19:46,15905,17:40 ~ 18:42,18:42 ~ 19:52,15395,17:06 ~ 18:06,18:06 ~ 19:14
Aeroporto Internacional de Penang (Penang),15164,16:50 ~ 17:50,17:50 ~ 18:57,16797,18:39 ~ 19:45,19:45 ~ 20:59,18527,20:35 ~ 21:47,21:47 ~ 23:09,15414,17:07 ~ 18:08,18:08 ~ 19:16,15464,17:10 ~ 18:11,18:11 ~ 19:19,16369,18:11 ~ 19:15,19:15 ~ 20:27,15458,17:10 ~ 18:11,18:11 ~ 19:19,16085,17:52 ~ 18:55,18:55 ~ 20:06,17240,19:09 ~ 20:16,20:16 ~ 21:33,15775,17:31 ~ 18:33,18:33 ~ 19:43,16539,18:22 ~ 19:27,19:27 ~ 20:40,16089,17:52 ~ 18:55,18:55 ~ 20:06,15076,16:45 ~ 17:44,17:44 ~ 18:50,15647,17:23 ~ 18:24,18:24 ~ 19:33,15111,16:47 ~ 17:46,17:46 ~ 18:53,15965,17:44 ~ 18:46,18:46 ~ 19:57,15899,17:39 ~ 18:42,18:42 ~ 19:52,15937,17:42 ~ 18:44,18:44 ~ 19:55,15299,16:59 ~ 17:59,17:59 ~ 19:07
Aeroporto Internacional Soekarno-Hatta (Jacarta),15535,17:15 ~ 18:16,18:16 ~ 19:25,17470,19:24 ~ 20:33,20:33 ~ 21:50,18705,20:47 ~ 22:00,22:00 ~ 23:22,15621,17:21 ~ 18:22,18:22 ~ 19:31,16013,17:47 ~ 18:50,18:50 ~ 20:00,16313,18:07 ~ 19:11,19:11 ~ 20:23,15376,17:05 ~ 18:05,18:05 ~ 19:13,16657,18:30 ~ 19:35,19:35 ~ 20:49,16971,18:51 ~ 19:57,19:57 ~ 21:12,15665,17:24 ~ 18:25,18:25 ~ 19:34,17149,19:03 ~ 20:10,20:10 ~ 21:26,15668,17:24 ~ 18:25,18:25 ~ 19:35,15486,17:12 ~ 18:13,18:13 ~ 19:21,15426,17:08 ~ 18:08,18:08 ~ 19:16,15602,17:20 ~ 18:21,18:21 ~ 19:30,15366,17:04 ~ 18:04,18:04 ~ 19:12,15422,17:08 ~ 18:08,18:08 ~ 19:16,15633,17:22 ~ 18:23,18:23 ~ 19:32,15590,17:19 ~ 18:20,18:20 ~ 19:29
Aeroporto Internacional Indira Gandhi,12720,14:07 ~ 14:57,14:57 ~ 15:54,13674,15:11 ~ 16:05,16:05 ~ 17:05,15248,16:56 ~ 17:56,17:56 ~ 19:03,13165,14:37 ~ 15:29,15:29 ~ 16:27,12714,14:07 ~ 14:57,14:57 ~ 15:53,14242,15:49 ~ 16:45,16:45 ~ 17:48,13682,15:12 ~ 16:05,16:05 ~ 17:06,13193,14:39 ~ 15:31,15:31 ~ 16:29,15060,16:44 ~ 17:43,17:43 ~ 18:49,13944,15:29 ~ 16:24,16:24 ~ 17:25,13522,15:01 ~ 15:54,15:54 ~ 16:54,14725,16:21 ~ 17:19,17:19 ~ 18:24,12594,13:59 ~ 14:48,14:48 ~ 15:44,14064,15:37 ~ 16:32,16:32 ~ 17:34,12504,13:53 ~ 14:42,14:42 ~ 15:37,15043,16:42 ~ 17:41,17:41 ~ 18:48,14736,16:22 ~ 17:20,17:20 ~ 18:25,14403,16:00 ~ 16:56,16:56 ~ 18:00,12946,14:23 ~ 15:13,15:13 ~ 16:10
Aeroporto Internacional de Malé,12206,13:33 ~ 14:21,14:21 ~ 15:15,13858,15:23 ~ 16:18,16:18 ~ 17:19,15570,17:18 ~ 18:19,18:19 ~ 19:27,12491,13:52 ~ 14:41,14:41 ~ 15:36,12494,13:52 ~ 14:41,14:41 ~ 15:37,13510,15:00 ~ 15:53,15:53 ~ 16:53,12663,14:04 ~ 14:53,14:53 ~ 15:49,13119,14:34 ~ 15:26,15:26 ~ 16:23,14418,16:01 ~ 16:57,16:57 ~ 18:01,12977,14:25 ~ 15:16,15:16 ~ 16:13,13583,15:05 ~ 15:58,15:58 ~ 16:58,13492,14:59 ~ 15:52,15:52 ~ 16:51,12114,13:27 ~ 14:15,14:15 ~ 15:08,12930,14:22 ~ 15:12,15:12 ~ 16:09,12142,13:29 ~ 14:17,14:17 ~ 15:10,13564,15:04 ~ 15:57,15:57 ~ 16:57,13377,14:51 ~ 15:44,15:44 ~ 16:43,13258,14:43 ~ 15:35,15:35 ~ 16:34,12355,13:43 ~ 14:32,14:32 ~ 15:26
Aeroporto Internacional de Nursultan Nazarbayev,11988,13:19 ~ 14:06,14:06 ~ 14:59,12209,13:33 ~ 14:21,14:21 ~ 15:15,13424,14:54 ~ 15:47,15:47 ~ 16:46,12498,13:53 ~ 14:42,14:42 ~ 15:37,11724,13:01 ~ 13:47,13:47 ~ 14:39,13412,14:54 ~ 15:46,15:46 ~ 16:45,13249,14:43 ~ 15:35,15:35 ~ 16:33,12004,13:20 ~ 14:07,14:07 ~ 15:00,13962,15:30 ~ 16:25,16:25 ~ 17:27,13404,14:53 ~ 15:46,15:46 ~ 16:45,12173,13:31 ~ 14:19,14:19 ~ 15:12,14275,15:51 ~ 16:47,16:47 ~ 17:50,11852,13:10 ~ 13:56,13:56 ~ 14:48,13667,15:11 ~ 16:04,16:04 ~ 17:05,11673,12:58 ~ 13:43,13:43 ~ 14:35,14786,16:25 ~ 17:23,17:23 ~ 18:28,14423,16:01 ~ 16:58,16:58 ~ 18:01,13941,15:29 ~ 16:24,16:24 ~ 17:25,12243,13:36 ~ 14:24,14:24 ~ 15:18
Aeroporto Internacional Sheremetyevo (Moscou),9807,10:53 ~ 11:32,11:32 ~ 12:15,9909,11:00 ~ 11:39,11:39 ~ 12:23,11164,12:24 ~ 13:08,13:08 ~ 13:57,10320,11:28 ~ 12:08,12:08 ~ 12:54,9485,10:32 ~ 11:09,11:09 ~ 11:51,11169,12:24 ~ 13:08,13:08 ~ 13:57,11114,12:20 ~ 13:04,13:04 ~ 13:53,9725,10:48 ~ 11:26,11:26 ~ 12:09,11672,12:58 ~ 13:43,13:43 ~ 14:35,11229,12:28 ~ 13:12,13:12 ~ 14:02,9877,10:58 ~ 11:37,11:37 ~ 12:20,12091,13:26 ~ 14:13,14:13 ~ 15:06,9673,10:44 ~ 11:22,11:22 ~ 12:05,11525,12:48 ~ 13:33,13:33 ~ 14:24,9474,10:31 ~ 11:08,11:08 ~ 11:50,12629,14:01 ~ 14:51,14:51 ~ 15:47,12269,13:37 ~ 14:26,14:26 ~ 15:20,11767,13:04 ~ 13:50,13:50 ~ 14:42,10063,11:10 ~ 11:50,11:50 ~ 12:34
Aeroporto de Pulkovo (São Petersburgo),9573,10:38 ~ 11:15,11:15 ~ 11:57,9517,10:34 ~ 11:11,11:11 ~ 11:53,10692,11:52 ~ 12:34,12:34 ~ 13:21,10084,11:12 ~ 11:51,11:51 ~ 12:36,9203,10:13 ~ 10:49,10:49 ~ 11:30,10872,12:04 ~ 12:47,12:47 ~ 13:35,10898,12:06 ~ 12:49,12:49 ~ 13:37,9393,10:26 ~ 11:03,11:03 ~ 11:44,11312,12:34 ~ 13:18,13:18 ~ 14:08,10987,12:12 ~ 12:55,12:55 ~ 13:44,9509,10:33 ~ 11:11,11:11 ~ 11:53,11833,13:08 ~ 13:55,13:55 ~ 14:47,9442,10:29 ~ 11:06,11:06 ~ 11:48,11300,12:33 ~ 13:17,13:17 ~ 14:07,9228,10:15 ~ 10:51,10:51 ~ 11:32,12383,13:45 ~ 14:34,14:34 ~ 15:28,12029,13:21 ~ 14:09,14:09 ~ 15:02,11520,12:48 ~ 13:33,13:33 ~ 14:24,9827,10:55 ~ 11:33,11:33 ~ 12:17
Aeroporto de Helsinque,9338,10:22 ~ 10:59,10:59 ~ 11:40,9236,10:15 ~ 10:51,10:51 ~ 11:32,10395,11:33 ~ 12:13,12:13 ~ 12:59,9847,10:56 ~ 11:35,11:35 ~ 12:18,8953,09:56 ~ 10:31,10:31 ~ 11:11,10615,11:47 ~ 12:29,12:29 ~ 13:16,10668,11:51 ~ 12:33,12:33 ~ 13:20,9128,10:08 ~ 10:44,10:44 ~ 11:24,11037,12:15 ~ 12:59,12:59 ~ 13:47,10747,11:56 ~ 12:38,12:38 ~ 13:26,9234,10:15 ~ 10:51,10:51 ~ 11:32,11587,12:52 ~ 13:37,13:37 ~ 14:29,9208,10:13 ~ 10:49,10:49 ~ 11:30,11066,12:17 ~ 13:01,13:01 ~ 13:49,8990,09:59 ~ 10:34,10:34 ~ 11:14,12140,13:29 ~ 14:16,14:16 ~ 15:10,11789,13:05 ~ 13:52,13:52 ~ 14:44,11277,12:31 ~ 13:16,13:16 ~ 14:05,9592,10:39 ~ 11:17,11:17 ~ 11:59
Aeroporto Internacional de Boryspil (Kiev),9174,10:11 ~ 10:47,10:47 ~ 11:28,9435,10:28 ~ 11:05,11:05 ~ 11:47,10803,12:00 ~ 12:42,12:42 ~ 13:30,9686,10:45 ~ 11:23,11:23 ~ 12:06,8893,09:52 ~ 10:27,10:27 ~ 11:06,10581,11:45 ~ 12:26,12:26 ~ 13:13,10461,11:37 ~ 12:18,12:18 ~ 13:04,9180,10:11 ~ 10:48,10:48 ~ 11:28,11145,12:22 ~ 13:06,13:06 ~ 13:55,10595,11:46 ~ 12:27,12:27 ~ 13:14,9373,10:24 ~ 11:01,11:01 ~ 11:42,11464,12:44 ~ 13:29,13:29 ~ 14:19,9039,10:02 ~ 10:38,10:38 ~ 11:17,10876,12:05 ~ 12:47,12:47 ~ 13:35,8851,09:50 ~ 10:24,10:24 ~ 11:03,11989,13:19 ~ 14:06,14:06 ~ 14:59,11627,12:55 ~ 13:40,13:40 ~ 14:32,11133,12:22 ~ 13:05,13:05 ~ 13:54,9430,10:28 ~ 11:05,11:05 ~ 11:47
Aeroporto de Tallinn,9280,10:18 ~ 10:55,10:55 ~ 11:35,9207,10:13 ~ 10:49,10:49 ~ 11:30,10385,11:32 ~ 12:13,12:13 ~ 12:58,9790,10:52 ~ 11:31,11:31 ~ 12:14,8902,09:53 ~ 10:28,10:28 ~ 11:07,10568,11:44 ~ 12:25,12:25 ~ 13:12,10608,11:47 ~ 12:28,12:28 ~ 13:15,9086,10:05 ~ 10:41,10:41 ~ 11:21,11003,12:13 ~ 12:56,12:56 ~ 13:45,10691,11:52 ~ 12:34,12:34 ~ 13:21,9200,10:13 ~ 10:49,10:49 ~ 11:30,11534,12:48 ~ 13:34,13:34 ~ 14:25,9149,10:09 ~ 10:45,10:45 ~ 11:26,11007,12:13 ~ 12:56,12:56 ~ 13:45,8933,09:55 ~ 10:30,10:30 ~ 11:09,12086,13:25 ~ 14:13,14:13 ~ 15:06,11733,13:02 ~ 13:48,13:48 ~ 14:39,11222,12:28 ~ 13:12,13:12 ~ 14:01,9534,10:35 ~ 11:12,11:12 ~ 11:55
Aeroporto Internacional de Riga,9099,10:06 ~ 10:42,10:42 ~ 11:22,9100,10:06 ~ 10:42,10:42 ~ 11:22,10331,11:28 ~ 12:09,12:09 ~ 12:54,9610,10:40 ~ 11:18,11:18 ~ 12:00,8740,09:42 ~ 10:16,10:16 ~ 10:55,10415,11:34 ~ 12:15,12:15 ~ 13:01,10421,11:34 ~ 12:15,12:15 ~ 13:01,8947,09:56 ~ 10:31,10:31 ~ 11:11,10880,12:05 ~ 12:48,12:48 ~ 13:35,10515,11:41 ~ 12:22,12:22 ~ 13:08,9079,10:05 ~ 10:40,10:40 ~ 11:20,11365,12:37 ~ 13:22,13:22 ~ 14:12,8966,09:57 ~ 10:32,10:32 ~ 11:12,10825,12:01 ~ 12:44,12:44 ~ 13:31,8756,09:43 ~ 10:18,10:18 ~ 10:56,11913,13:14 ~ 14:00,14:00 ~ 14:53,11558,12:50 ~ 13:35,13:35 ~ 14:26,11049,12:16 ~ 12:59,12:59 ~ 13:48,9353,10:23 ~ 11:00,11:00 ~ 11:41
Aeroporto Internacional de Vilnius,9044,10:02 ~ 10:38,10:38 ~ 11:18,9129,10:08 ~ 10:44,10:44 ~ 11:24,10409,11:33 ~ 12:14,12:14 ~ 13:00,9557,10:37 ~ 11:14,11:14 ~ 11:56,8709,09:40 ~ 10:14,10:14 ~ 10:53,10391,11:32 ~ 12:13,12:13 ~ 12:59,10359,11:30 ~ 12:11,12:11 ~ 12:56,8942,09:56 ~ 10:31,10:31 ~ 11:10,10889,12:05 ~ 12:48,12:48 ~ 13:36,10465,11:37 ~ 12:18,12:18 ~ 13:04,9095,10:06 ~ 10:41,10:41 ~ 11:22,11322,12:34 ~ 13:19,13:19 ~ 14:09,8911,09:54 ~ 10:29,10:29 ~ 11:08,10766,11:57 ~ 12:39,12:39 ~ 13:27,8707,09:40 ~ 10:14,10:14 ~ 10:53,11865,13:11 ~ 13:57,13:57 ~ 14:49,11506,12:47 ~ 13:32,13:32 ~ 14:22,11001,12:13 ~ 12:56,12:56 ~ 13:45,9300,10:20 ~ 10:56,10:56 ~ 11:37
Aeroporto de Estocolmo-Arlanda,8968,09:57 ~ 10:33,10:33 ~ 11:12,8837,09:49 ~ 10:23,10:23 ~ 11:02,9998,11:06 ~ 11:45,11:45 ~ 12:29,9475,10:31 ~ 11:08,11:08 ~ 11:50,8571,09:31 ~ 10:05,10:05 ~ 10:42,10228,11:21 ~ 12:01,12:01 ~ 12:47,10300,11:26 ~ 12:07,12:07 ~ 12:52,8736,09:42 ~ 10:16,10:16 ~ 10:55,10641,11:49 ~ 12:31,12:31 ~ 13:18,10372,11:31 ~ 12:12,12:12 ~ 12:57,8838,09:49 ~ 10:23,10:23 ~ 11:02,11206,12:27 ~ 13:11,13:11 ~ 14:00,8839,09:49 ~ 10:23,10:23 ~ 11:02,10694,11:52 ~ 12:34,12:34 ~ 13:22,8617,09:34 ~ 10:08,10:08 ~ 10:46,11761,13:04 ~ 13:50,13:50 ~ 14:42,11412,12:40 ~ 13:25,13:25 ~ 14:15,10900,12:06 ~ 12:49,12:49 ~ 13:37,9220,10:14 ~ 10:50,10:50 ~ 11:31
Aeroporto de Istambul,8604,09:33 ~ 10:07,10:07 ~ 10:45,9159,10:10 ~ 10:46,10:46 ~ 11:26,10681,11:52 ~ 12:33,12:33 ~ 13:21,9108,10:07 ~ 10:42,10:42 ~ 11:23,8413,09:20 ~ 09:53,09:53 ~ 10:30,10081,11:12 ~ 11:51,11:51 ~ 12:36,9831,10:55 ~ 11:33,11:33 ~ 12:17,8786,09:45 ~ 10:20,10:20 ~ 10:58,10746,11:56 ~ 12:38,12:38 ~ 13:25,10003,11:06 ~ 11:46,11:46 ~ 12:30,9047,10:03 ~ 10:38,10:38 ~ 11:18,10874,12:04 ~ 12:47,12:47 ~ 13:35,8469,09:24 ~ 09:57,09:57 ~ 10:35,10250,11:23 ~ 12:03,12:03 ~ 12:48,8309,09:13 ~ 09:46,09:46 ~ 10:23,11368,12:37 ~ 13:22,13:22 ~ 14:12,11005,12:13 ~ 12:56,12:56 ~ 13:45,10536,11:42 ~ 12:23,12:23 ~ 13:10,8856,09:50 ~ 10:25,10:25 ~ 11:04
Aeroporto Internacional Henri Coand? (Bucareste),8574,09:31 ~ 10:05,10:05 ~ 10:43,8993,09:59 ~ 10:34,10:34 ~ 11:14,10458,11:37 ~ 12:18,12:18 ~ 13:04,9083,10:05 ~ 10:41,10:41 ~ 11:21,8337,09:15 ~ 09:48,09:48 ~ 10:25,10019,11:07 ~ 11:47,11:47 ~ 12:31,9835,10:55 ~ 11:34,11:34 ~ 12:17,8671,09:38 ~ 10:12,10:12 ~ 10:50,10639,11:49 ~ 12:30,12:30 ~ 13:17,9987,11:05 ~ 11:44,11:44 ~ 12:29,8902,09:53 ~ 10:28,10:28 ~ 11:07,10860,12:03 ~ 12:46,12:46 ~ 13:34,8438,09:22 ~ 09:55,09:55 ~ 10:32,10253,11:23 ~ 12:03,12:03 ~ 12:48,8264,09:10 ~ 09:43,09:43 ~ 10:19,11371,12:38 ~ 13:22,13:22 ~ 14:12,11008,12:13 ~ 12:57,12:57 ~ 13:45,10525,11:41 ~ 12:22,12:22 ~ 13:09,8829,09:48 ~ 10:23,10:23 ~ 11:02
Aeroporto de Varsóvia Chopin,8657,09:37 ~ 10:11,10:11 ~ 10:49,8788,09:45 ~ 10:20,10:20 ~ 10:59,10111,11:14 ~ 11:53,11:53 ~ 12:38,9170,10:11 ~ 10:47,10:47 ~ 11:27,8331,09:15 ~ 09:48,09:48 ~ 10:24,10016,11:07 ~ 11:47,11:47 ~ 12:31,9968,11:04 ~ 11:43,11:43 ~ 12:27,8578,09:31 ~ 10:05,10:05 ~ 10:43,10532,11:42 ~ 12:23,12:23 ~ 13:09,10078,11:11 ~ 11:51,11:51 ~ 12:35,8744,09:42 ~ 10:17,10:17 ~ 10:55,10938,12:09 ~ 12:52,12:52 ~ 13:40,8523,09:28 ~ 10:01,10:01 ~ 10:39,10377,11:31 ~ 12:12,12:12 ~ 12:58,8322,09:14 ~ 09:47,09:47 ~ 10:24,11478,12:45 ~ 13:30,13:30 ~ 14:20,11119,12:21 ~ 13:04,13:04 ~ 13:53,10615,11:47 ~ 12:29,12:29 ~ 13:16,8912,09:54 ~ 10:29,10:29 ~ 11:08
Aeroporto de Oslo-Gardermoen,8712,09:40 ~ 10:14,10:14 ~ 10:53,8504,09:26 ~ 10:00,10:00 ~ 10:37,9632,10:42 ~ 11:19,11:19 ~ 12:02,9216,10:14 ~ 10:50,10:50 ~ 11:31,8292,09:12 ~ 09:45,09:45 ~ 10:21,9934,11:02 ~ 11:41,11:41 ~ 12:25,10046,11:09 ~ 11:49,11:49 ~ 12:33,8432,09:22 ~ 09:55,09:55 ~ 10:32,10317,11:27 ~ 12:08,12:08 ~ 12:53,10105,11:13 ~ 11:53,11:53 ~ 12:37,8515,09:27 ~ 10:01,10:01 ~ 10:38,10927,12:08 ~ 12:51,12:51 ~ 13:39,8585,09:32 ~ 10:05,10:05 ~ 10:43,10434,11:35 ~ 12:16,12:16 ~ 13:02,8357,09:17 ~ 09:49,09:49 ~ 10:26,11485,12:45 ~ 13:30,13:30 ~ 14:21,11141,12:22 ~ 13:06,13:06 ~ 13:55,10627,11:48 ~ 12:30,12:30 ~ 13:17,8962,09:57 ~ 10:32,10:32 ~ 11:12
Aeroporto de Sófia,8284,09:12 ~ 09:44,09:44 ~ 10:21,8743,09:42 ~ 10:17,10:17 ~ 10:55,10234,11:22 ~ 12:02,12:02 ~ 12:47,8793,09:46 ~ 10:20,10:20 ~ 10:59,8058,08:57 ~ 09:28,09:28 ~ 10:04,9737,10:49 ~ 11:27,11:27 ~ 12:10,9541,10:36 ~ 11:13,11:13 ~ 11:55,8402,09:20 ~ 09:53,09:53 ~ 10:30,10369,11:31 ~ 12:11,12:11 ~ 12:57,9696,10:46 ~ 11:24,11:24 ~ 12:07,8644,09:36 ~ 10:10,10:10 ~ 10:48,10568,11:44 ~ 12:25,12:25 ~ 13:12,8148,09:03 ~ 09:35,09:35 ~ 10:11,9958,11:03 ~ 11:42,11:42 ~ 12:26,7977,08:51 ~ 09:23,09:23 ~ 09:58,11077,12:18 ~ 13:01,13:01 ~ 13:50,10714,11:54 ~ 12:36,12:36 ~ 13:23,10232,11:22 ~ 12:02,12:02 ~ 12:47,8539,09:29 ~ 10:02,10:02 ~ 10:40
Aeroporto Internacional de Budapeste Ferenc Liszt,8270,09:11 ~ 09:43,09:43 ~ 10:20,8538,09:29 ~ 10:02,10:02 ~ 10:40,9944,11:02 ~ 11:41,11:41 ~ 12:25,8783,09:45 ~ 10:19,10:19 ~ 10:58,7982,08:52 ~ 09:23,09:23 ~ 09:58,9670,10:44 ~ 11:22,11:22 ~ 12:05,9565,10:37 ~ 11:15,11:15 ~ 11:57,8270,09:11 ~ 09:43,09:43 ~ 10:20,10236,11:22 ~ 12:02,12:02 ~ 12:47,9692,10:46 ~ 11:24,11:24 ~ 12:06,8469,09:24 ~ 09:57,09:57 ~ 10:35,10559,11:43 ~ 12:25,12:25 ~ 13:11,8135,09:02 ~ 09:34,09:34 ~ 10:10,9978,11:05 ~ 11:44,11:44 ~ 12:28,7944,08:49 ~ 09:20,09:20 ~ 09:55,11089,12:19 ~ 13:02,13:02 ~ 13:51,10727,11:55 ~ 12:37,12:37 ~ 13:24,10230,11:22 ~ 12:02,12:02 ~ 12:47,8526,09:28 ~ 10:01,10:01 ~ 10:39
Aeroporto Nikola Tesla (Belgrado),8183,09:05 ~ 09:37,09:37 ~ 10:13,8546,09:29 ~ 10:03,10:03 ~ 10:40,9998,11:06 ~ 11:45,11:45 ~ 12:29,8695,09:39 ~ 10:13,10:13 ~ 10:52,7924,08:48 ~ 09:19,09:19 ~ 09:54,9610,10:40 ~ 11:18,11:18 ~ 12:00,9462,10:30 ~ 11:07,11:07 ~ 11:49,8241,09:09 ~ 09:41,09:41 ~ 10:18,10209,11:20 ~ 12:00,12:00 ~ 12:45,9602,10:40 ~ 11:17,11:17 ~ 12:00,8461,09:24 ~ 09:57,09:57 ~ 10:34,10473,11:38 ~ 12:19,12:19 ~ 13:05,8048,08:56 ~ 09:28,09:28 ~ 10:03,9878,10:58 ~ 11:37,11:37 ~ 12:20,7866,08:44 ~ 09:15,09:15 ~ 09:49,10994,12:12 ~ 12:56,12:56 ~ 13:44,10631,11:48 ~ 12:30,12:30 ~ 13:17,10141,11:16 ~ 11:55,11:55 ~ 12:40,8439,09:22 ~ 09:55,09:55 ~ 10:32
Aeroporto de Bratislava,8188,09:05 ~ 09:37,09:37 ~ 10:14,8412,09:20 ~ 09:53,09:53 ~ 10:30,9801,10:53 ~ 11:31,11:31 ~ 12:15,8701,09:40 ~ 10:14,10:14 ~ 10:52,7886,08:45 ~ 09:16,09:16 ~ 09:51,9574,10:38 ~ 11:15,11:15 ~ 11:58,9491,10:32 ~ 11:09,11:09 ~ 11:51,8161,09:04 ~ 09:36,09:36 ~ 10:12,10124,11:14 ~ 11:54,11:54 ~ 12:39,9611,10:40 ~ 11:18,11:18 ~ 12:00,8350,09:16 ~ 09:49,09:49 ~ 10:26,10476,11:38 ~ 12:19,12:19 ~ 13:05,8054,08:56 ~ 09:28,09:28 ~ 10:04,9902,11:00 ~ 11:38,11:38 ~ 12:22,7859,08:43 ~ 09:14,09:14 ~ 09:49,11009,12:13 ~ 12:57,12:57 ~ 13:45,10649,11:49 ~ 12:31,12:31 ~ 13:18,10149,11:16 ~ 11:56,11:56 ~ 12:41,8444,09:22 ~ 09:56,09:56 ~ 10:33
Aeroporto Internacional de Viena,8145,09:03 ~ 09:34,09:34 ~ 10:10,8364,09:17 ~ 09:50,09:50 ~ 10:27,9753,10:50 ~ 11:28,11:28 ~ 12:11,8658,09:37 ~ 10:11,10:11 ~ 10:49,7841,08:42 ~ 09:13,09:13 ~ 09:48,9528,10:35 ~ 11:12,11:12 ~ 11:54,9448,10:29 ~ 11:06,11:06 ~ 11:48,8114,09:00 ~ 09:32,09:32 ~ 10:08,10077,11:11 ~ 11:51,11:51 ~ 12:35,9567,10:37 ~ 11:15,11:15 ~ 11:57,8302,09:13 ~ 09:46,09:46 ~ 10:22,10431,11:35 ~ 12:16,12:16 ~ 13:02,8010,08:54 ~ 09:25,09:25 ~ 10:00,9859,10:57 ~ 11:35,11:35 ~ 12:19,7815,08:41 ~ 09:11,09:11 ~ 09:46,10966,12:11 ~ 12:54,12:54 ~ 13:42,10605,11:46 ~ 12:28,12:28 ~ 13:15,10105,11:13 ~ 11:53,11:53 ~ 12:37,8401,09:20 ~ 09:53,09:53 ~ 10:30
Aeroporto de Praga,8141,09:02 ~ 09:34,09:34 ~ 10:10,8273,09:11 ~ 09:43,09:43 ~ 10:20,9618,10:41 ~ 11:18,11:18 ~ 12:01,8653,09:36 ~ 10:10,10:10 ~ 10:48,7810,08:40 ~ 09:11,09:11 ~ 09:45,9494,10:32 ~ 11:10,11:10 ~ 11:52,9455,10:30 ~ 11:07,11:07 ~ 11:49,8056,08:57 ~ 09:28,09:28 ~ 10:04,10011,11:07 ~ 11:46,11:46 ~ 12:30,9561,10:37 ~ 11:14,11:14 ~ 11:57,8224,09:08 ~ 09:40,09:40 ~ 10:16,10420,11:34 ~ 12:15,12:15 ~ 13:01,8007,08:53 ~ 09:25,09:25 ~ 10:00,9863,10:57 ~ 11:36,11:36 ~ 12:19,7804,08:40 ~ 09:10,09:10 ~ 09:45,10961,12:10 ~ 12:53,12:53 ~ 13:42,10603,11:46 ~ 12:28,12:28 ~ 13:15,10098,11:13 ~ 11:52,11:52 ~ 12:37,8396,09:19 ~ 09:52,09:52 ~ 10:29
Aeroporto Internacional Madre Teresa (Tirana),7950,08:50 ~ 09:21,09:21 ~ 09:56,8417,09:21 ~ 09:54,09:54 ~ 10:31,9922,11:01 ~ 11:40,11:40 ~ 12:24,8459,09:23 ~ 09:57,09:57 ~ 10:34,7722,08:34 ~ 09:05,09:05 ~ 09:39,9401,10:26 ~ 11:03,11:03 ~ 11:45,9209,10:13 ~ 10:50,10:50 ~ 11:30,8069,08:57 ~ 09:29,09:29 ~ 10:05,10035,11:09 ~ 11:48,11:48 ~ 12:32,9362,10:24 ~ 11:00,11:00 ~ 11:42,8314,09:14 ~ 09:46,09:46 ~ 10:23,10235,11:22 ~ 12:02,12:02 ~ 12:47,7814,08:40 ~ 09:11,09:11 ~ 09:46,9626,10:41 ~ 11:19,11:19 ~ 12:01,7642,08:29 ~ 08:59,08:59 ~ 09:33,10745,11:56 ~ 12:38,12:38 ~ 13:25,10382,11:32 ~ 12:12,12:12 ~ 12:58,9899,10:59 ~ 11:38,11:38 ~ 12:22,8204,09:06 ~ 09:39,09:39 ~ 10:15
Aeroporto de Vágar,8260,09:10 ~ 09:43,09:43 ~ 10:19,7794,08:39 ~ 09:10,09:10 ~ 09:44,8783,09:45 ~ 10:19,10:19 ~ 10:58,8743,09:42 ~ 10:17,10:17 ~ 10:55,7771,08:38 ~ 09:08,09:08 ~ 09:42,9345,10:22 ~ 10:59,10:59 ~ 11:40,9582,10:38 ~ 11:16,11:16 ~ 11:58,7823,08:41 ~ 09:12,09:12 ~ 09:46,9625,10:41 ~ 11:19,11:19 ~ 12:01,9597,10:39 ~ 11:17,11:17 ~ 11:59,7844,08:42 ~ 09:13,09:13 ~ 09:48,10373,11:31 ~ 12:12,12:12 ~ 12:57,8140,09:02 ~ 09:34,09:34 ~ 10:10,9945,11:03 ~ 11:41,11:41 ~ 12:25,7896,08:46 ~ 09:17,09:17 ~ 09:52,10934,12:08 ~ 12:51,12:51 ~ 13:40,10608,11:47 ~ 12:28,12:28 ~ 13:15,10097,11:13 ~ 11:52,11:52 ~ 12:37,8499,09:26 ~ 09:59,09:59 ~ 10:37
Aeroporto de Ljubljana Joe Pu?nik,7892,08:46 ~ 09:17,09:17 ~ 09:51,8149,09:03 ~ 09:35,09:35 ~ 10:11,9564,10:37 ~ 11:15,11:15 ~ 11:57,8405,09:20 ~ 09:53,09:53 ~ 10:30,7596,08:26 ~ 08:56,08:56 ~ 09:29,9284,10:18 ~ 10:55,10:55 ~ 11:36,9192,10:12 ~ 10:48,10:48 ~ 11:29,7881,08:45 ~ 09:16,09:16 ~ 09:51,9846,10:56 ~ 11:35,11:35 ~ 12:18,9314,10:20 ~ 10:57,10:57 ~ 11:38,8079,08:58 ~ 09:30,09:30 ~ 10:05,10180,11:18 ~ 11:58,11:58 ~ 12:43,7757,08:37 ~ 09:07,09:07 ~ 09:41,9604,10:40 ~ 11:17,11:17 ~ 12:00,7564,08:24 ~ 08:53,08:53 ~ 09:27,10712,11:54 ~ 12:36,12:36 ~ 13:23,10351,11:30 ~ 12:10,12:10 ~ 12:56,9853,10:56 ~ 11:35,11:35 ~ 12:18,8148,09:03 ~ 09:35,09:35 ~ 10:11
Aeroporto de Frankfurt,7825,08:41 ~ 09:12,09:12 ~ 09:46,7891,08:46 ~ 09:17,09:17 ~ 09:51,9217,10:14 ~ 10:50,10:50 ~ 11:31,8336,09:15 ~ 09:48,09:48 ~ 10:25,7471,08:18 ~ 08:47,08:47 ~ 09:20,9150,10:09 ~ 10:45,10:45 ~ 11:26,9148,10:09 ~ 10:45,10:45 ~ 11:26,7697,08:33 ~ 09:03,09:03 ~ 09:37,9644,10:42 ~ 11:20,11:20 ~ 12:03,9242,10:16 ~ 10:52,10:52 ~ 11:33,7851,08:43 ~ 09:14,09:14 ~ 09:48,10093,11:12 ~ 11:52,11:52 ~ 12:36,7693,08:32 ~ 09:03,09:03 ~ 09:36,9551,10:36 ~ 11:14,11:14 ~ 11:56,7482,08:18 ~ 08:48,08:48 ~ 09:21,10640,11:49 ~ 12:31,12:31 ~ 13:18,10284,11:25 ~ 12:05,12:05 ~ 12:51,9776,10:51 ~ 11:30,11:30 ~ 12:13,8080,08:58 ~ 09:30,09:30 ~ 10:05
Aeroporto de Schiphol (Amsterdã),7815,08:41 ~ 09:11,09:11 ~ 09:46,7763,08:37 ~ 09:07,09:07 ~ 09:42,9028,10:01 ~ 10:37,10:37 ~ 11:17,8323,09:14 ~ 09:47,09:47 ~ 10:24,7428,08:15 ~ 08:44,08:44 ~ 09:17,9094,10:06 ~ 10:41,10:41 ~ 11:22,9146,10:09 ~ 10:45,10:45 ~ 11:25,7615,08:27 ~ 08:57,08:57 ~ 09:31,9543,10:36 ~ 11:13,11:13 ~ 11:55,9222,10:14 ~ 10:50,10:50 ~ 11:31,7742,08:36 ~ 09:06,09:06 ~ 09:40,10061,11:10 ~ 11:50,11:50 ~ 12:34,7685,08:32 ~ 09:02,09:02 ~ 09:36,9542,10:36 ~ 11:13,11:13 ~ 11:55,7465,08:17 ~ 08:46,08:46 ~ 09:19,10614,11:47 ~ 12:29,12:29 ~ 13:16,10263,11:24 ~ 12:04,12:04 ~ 12:49,9751,10:50 ~ 11:28,11:28 ~ 12:11,8068,08:57 ~ 09:29,09:29 ~ 10:05
Aeroporto de Luxemburgo,7671,08:31 ~ 09:01,09:01 ~ 09:35,7718,08:34 ~ 09:04,09:04 ~ 09:38,9041,10:02 ~ 10:38,10:38 ~ 11:18,8182,09:05 ~ 09:37,09:37 ~ 10:13,7310,08:07 ~ 08:35,08:35 ~ 09:08,8987,09:59 ~ 10:34,10:34 ~ 11:14,8996,09:59 ~ 10:35,10:35 ~ 11:14,7529,08:21 ~ 08:51,08:51 ~ 09:24,9474,10:31 ~ 11:08,11:08 ~ 11:50,9086,10:05 ~ 10:41,10:41 ~ 11:21,7680,08:31 ~ 09:02,09:02 ~ 09:35,9935,11:02 ~ 11:41,11:41 ~ 12:25,7539,08:22 ~ 08:52,08:52 ~ 09:25,9398,10:26 ~ 11:03,11:03 ~ 11:44,7327,08:08 ~ 08:37,08:37 ~ 09:09,10483,11:38 ~ 12:19,12:19 ~ 13:06,10129,11:15 ~ 11:54,11:54 ~ 12:39,9619,10:41 ~ 11:18,11:18 ~ 12:01,7925,08:48 ~ 09:19,09:19 ~ 09:54
Aeroporto de Zurique,7630,08:28 ~ 08:58,08:58 ~ 09:32,7775,08:38 ~ 09:08,09:08 ~ 09:43,9149,10:09 ~ 10:45,10:45 ~ 11:26,8143,09:02 ~ 09:34,09:34 ~ 10:10,7298,08:06 ~ 08:35,08:35 ~ 09:07,8982,09:58 ~ 10:34,10:34 ~ 11:13,8947,09:56 ~ 10:31,10:31 ~ 11:11,7547,08:23 ~ 08:52,08:52 ~ 09:26,9504,10:33 ~ 11:10,11:10 ~ 11:52,9051,10:03 ~ 10:38,10:38 ~ 11:18,7721,08:34 ~ 09:05,09:05 ~ 09:39,9908,11:00 ~ 11:39,11:39 ~ 12:23,7497,08:19 ~ 08:49,08:49 ~ 09:22,9353,10:23 ~ 11:00,11:00 ~ 11:41,7293,08:06 ~ 08:34,08:34 ~ 09:06,10450,11:36 ~ 12:17,12:17 ~ 13:03,10092,11:12 ~ 11:52,11:52 ~ 12:36,9587,10:39 ~ 11:16,11:16 ~ 11:59,7886,08:45 ~ 09:16,09:16 ~ 09:51
Aeroporto de Bruxelas,7687,08:32 ~ 09:02,09:02 ~ 09:36,7673,08:31 ~ 09:01,09:01 ~ 09:35,8963,09:57 ~ 10:32,10:32 ~ 11:12,8196,09:06 ~ 09:38,09:38 ~ 10:14,7309,08:07 ~ 08:35,08:35 ~ 09:08,8979,09:58 ~ 10:33,10:33 ~ 11:13,9017,10:01 ~ 10:36,10:36 ~ 11:16,7508,08:20 ~ 08:49,08:49 ~ 09:23,9443,10:29 ~ 11:06,11:06 ~ 11:48,9097,10:06 ~ 10:42,10:42 ~ 11:22,7645,08:29 ~ 08:59,08:59 ~ 09:33,9940,11:02 ~ 11:41,11:41 ~ 12:25,7557,08:23 ~ 08:53,08:53 ~ 09:26,9415,10:27 ~ 11:04,11:04 ~ 11:46,7339,08:09 ~ 08:38,08:38 ~ 09:10,10492,11:39 ~ 12:20,12:20 ~ 13:06,10139,11:15 ~ 11:55,11:55 ~ 12:40,9628,10:41 ~ 11:19,11:19 ~ 12:02,7941,08:49 ~ 09:20,09:20 ~ 09:55
Aeroporto de Roma-Fiumicino,7455,08:16 ~ 08:46,08:46 ~ 09:19,7826,08:41 ~ 09:12,09:12 ~ 09:46,9308,10:20 ~ 10:57,10:57 ~ 11:38,7967,08:51 ~ 09:22,09:22 ~ 09:57,7191,07:59 ~ 08:27,08:27 ~ 08:59,8877,09:51 ~ 10:26,10:26 ~ 11:05,8740,09:42 ~ 10:16,10:16 ~ 10:55,7509,08:20 ~ 08:50,08:50 ~ 09:23,9477,10:31 ~ 11:08,11:08 ~ 11:50,8875,09:51 ~ 10:26,10:26 ~ 11:05,7735,08:35 ~ 09:05,09:05 ~ 09:40,9745,10:49 ~ 11:27,11:27 ~ 12:10,7320,08:07 ~ 08:36,08:36 ~ 09:09,9155,10:10 ~ 10:46,10:46 ~ 11:26,7136,07:55 ~ 08:23,08:23 ~ 08:55,10269,11:24 ~ 12:04,12:04 ~ 12:50,9907,11:00 ~ 11:39,11:39 ~ 12:23,9414,10:27 ~ 11:04,11:04 ~ 11:46,7711,08:34 ~ 09:04,09:04 ~ 09:38
Aeroporto de Milão-Malpensa,7505,08:20 ~ 08:49,08:49 ~ 09:22,7709,08:33 ~ 09:04,09:04 ~ 09:38,9115,10:07 ~ 10:43,10:43 ~ 11:23,8018,08:54 ~ 09:25,09:25 ~ 10:01,7189,07:59 ~ 08:27,08:27 ~ 08:59,8875,09:51 ~ 10:26,10:26 ~ 11:05,8815,09:47 ~ 10:22,10:22 ~ 11:01,7456,08:17 ~ 08:46,08:46 ~ 09:19,9419,10:27 ~ 11:04,11:04 ~ 11:46,8927,09:55 ~ 10:30,10:30 ~ 11:09,7644,08:29 ~ 08:59,08:59 ~ 09:33,9788,10:52 ~ 11:30,11:30 ~ 12:14,7371,08:11 ~ 08:40,08:40 ~ 09:12,9224,10:14 ~ 10:51,10:51 ~ 11:31,7171,07:58 ~ 08:26,08:26 ~ 08:57,10326,11:28 ~ 12:08,12:08 ~ 12:54,9967,11:04 ~ 11:43,11:43 ~ 12:27,9464,10:30 ~ 11:08,11:08 ~ 11:49,7761,08:37 ~ 09:07,09:07 ~ 09:42
Aeroporto de Heathrow (Londres),7511,08:20 ~ 08:50,08:50 ~ 09:23,7406,08:13 ~ 08:42,08:42 ~ 09:15,8658,09:37 ~ 10:11,10:11 ~ 10:49,8016,08:54 ~ 09:25,09:25 ~ 10:01,7106,07:53 ~ 08:21,08:21 ~ 08:52,8763,09:44 ~ 10:18,10:18 ~ 10:57,8844,09:49 ~ 10:24,10:24 ~ 11:03,7276,08:05 ~ 08:33,08:33 ~ 09:05,9194,10:12 ~ 10:48,10:48 ~ 11:29,8910,09:54 ~ 10:28,10:28 ~ 11:08,7391,08:12 ~ 08:41,08:41 ~ 09:14,9741,10:49 ~ 11:27,11:27 ~ 12:10,7382,08:12 ~ 08:41,08:41 ~ 09:13,9235,10:15 ~ 10:51,10:51 ~ 11:32,7157,07:57 ~ 08:25,08:25 ~ 08:56,10297,11:26 ~ 12:06,12:06 ~ 12:52,9949,11:03 ~ 11:42,11:42 ~ 12:26,9436,10:29 ~ 11:06,11:06 ~ 11:47,7762,08:37 ~ 09:07,09:07 ~ 09:42
Aeroporto de Gatwick (Londres),7494,08:19 ~ 08:48,08:48 ~ 09:22,7402,08:13 ~ 08:42,08:42 ~ 09:15,8662,09:37 ~ 10:11,10:11 ~ 10:49,7999,08:53 ~ 09:24,09:24 ~ 09:59,7092,07:52 ~ 08:20,08:20 ~ 08:51,8751,09:43 ~ 10:17,10:17 ~ 10:56,8827,09:48 ~ 10:23,10:23 ~ 11:02,7266,08:04 ~ 08:32,08:32 ~ 09:04,9187,10:12 ~ 10:48,10:48 ~ 11:29,8894,09:52 ~ 10:27,10:27 ~ 11:07,7385,08:12 ~ 08:41,08:41 ~ 09:13,9727,10:48 ~ 11:26,11:26 ~ 12:09,7365,08:11 ~ 08:39,08:39 ~ 09:12,9219,10:14 ~ 10:50,10:50 ~ 11:31,7141,07:56 ~ 08:24,08:24 ~ 08:55,10282,11:25 ~ 12:05,12:05 ~ 12:51,9934,11:02 ~ 11:41,11:41 ~ 12:25,9421,10:28 ~ 11:05,11:05 ~ 11:46,7745,08:36 ~ 09:06,09:06 ~ 09:40
Aeroporto Internacional de Malta,7235,08:02 ~ 08:30,08:30 ~ 09:02,7825,08:41 ~ 09:12,09:12 ~ 09:46,9397,10:26 ~ 11:03,11:03 ~ 11:44,7741,08:36 ~ 09:06,09:06 ~ 09:40,7042,07:49 ~ 08:17,08:17 ~ 08:48,8708,09:40 ~ 10:14,10:14 ~ 10:53,8475,09:24 ~ 09:58,09:58 ~ 10:35,7423,08:14 ~ 08:43,08:43 ~ 09:16,9379,10:25 ~ 11:02,11:02 ~ 11:43,8639,09:35 ~ 10:09,10:09 ~ 10:47,7699,08:33 ~ 09:03,09:03 ~ 09:37,9511,10:34 ~ 11:11,11:11 ~ 11:53,7100,07:53 ~ 08:21,08:21 ~ 08:52,8893,09:52 ~ 10:27,10:27 ~ 11:06,6938,07:42 ~ 08:09,08:09 ~ 08:40,10012,11:07 ~ 11:46,11:46 ~ 12:30,9650,10:43 ~ 11:21,11:21 ~ 12:03,9174,10:11 ~ 10:47,10:47 ~ 11:28,7488,08:19 ~ 08:48,08:48 ~ 09:21
Aeroporto de Dublin,7462,08:17 ~ 08:46,08:46 ~ 09:19,7213,08:00 ~ 08:29,08:29 ~ 09:00,8386,09:19 ~ 09:51,09:51 ~ 10:28,7959,08:50 ~ 09:21,09:21 ~ 09:56,7018,07:47 ~ 08:15,08:15 ~ 08:46,8648,09:36 ~ 10:10,10:10 ~ 10:48,8795,09:46 ~ 10:20,10:20 ~ 10:59,7141,07:56 ~ 08:24,08:24 ~ 08:55,9023,10:01 ~ 10:36,10:36 ~ 11:16,8838,09:49 ~ 10:23,10:23 ~ 11:02,7221,08:01 ~ 08:29,08:29 ~ 09:01,9649,10:43 ~ 11:21,11:21 ~ 12:03,7337,08:09 ~ 08:37,08:37 ~ 09:10,9175,10:11 ~ 10:47,10:47 ~ 11:28,7103,07:53 ~ 08:21,08:21 ~ 08:52,10209,11:20 ~ 12:00,12:00 ~ 12:45,9869,10:57 ~ 11:36,11:36 ~ 12:20,9355,10:23 ~ 11:00,11:00 ~ 11:41,7708,08:33 ~ 09:04,09:04 ~ 09:38
Aeroporto de Toulouse-Blagnac (França),6935,07:42 ~ 08:09,08:09 ~ 08:40,7087,07:52 ~ 08:20,08:20 ~ 08:51,8494,09:26 ~ 09:59,09:59 ~ 10:37,7447,08:16 ~ 08:45,08:45 ~ 09:18,6596,07:19 ~ 07:45,07:45 ~ 08:14,8280,09:11 ~ 09:44,09:44 ~ 10:20,8255,09:10 ~ 09:42,09:42 ~ 10:19,6846,07:36 ~ 08:03,08:03 ~ 08:33,8806,09:47 ~ 10:21,10:21 ~ 11:00,8354,09:16 ~ 09:49,09:49 ~ 10:26,7026,07:48 ~ 08:15,08:15 ~ 08:46,9209,10:13 ~ 10:50,10:50 ~ 11:30,6802,07:33 ~ 08:00,08:00 ~ 08:30,8660,09:37 ~ 10:11,10:11 ~ 10:49,6595,07:19 ~ 07:45,07:45 ~ 08:14,9753,10:50 ~ 11:28,11:28 ~ 12:11,9396,10:26 ~ 11:03,11:03 ~ 11:44,8889,09:52 ~ 10:27,10:27 ~ 11:06,7190,07:59 ~ 08:27,08:27 ~ 08:59
Aeroporto de Barcelona-El Prat (Espanha),6783,07:32 ~ 07:58,07:58 ~ 08:28,7020,07:47 ~ 08:15,08:15 ~ 08:46,8471,09:24 ~ 09:57,09:57 ~ 10:35,7296,08:06 ~ 08:35,08:35 ~ 09:07,6468,07:11 ~ 07:36,07:36 ~ 08:05,8156,09:03 ~ 09:35,09:35 ~ 10:11,8096,08:59 ~ 09:31,09:31 ~ 10:07,6745,07:29 ~ 07:56,07:56 ~ 08:25,8710,09:40 ~ 10:14,10:14 ~ 10:53,8205,09:07 ~ 09:39,09:39 ~ 10:15,6945,07:43 ~ 08:10,08:10 ~ 08:40,9066,10:04 ~ 10:39,10:39 ~ 11:19,6650,07:23 ~ 07:49,07:49 ~ 08:18,8504,09:26 ~ 10:00,10:00 ~ 10:37,6449,07:09 ~ 07:35,07:35 ~ 08:03,9605,10:40 ~ 11:18,11:18 ~ 12:00,9246,10:16 ~ 10:52,10:52 ~ 11:33,8742,09:42 ~ 10:17,10:17 ~ 10:55,7039,07:49 ~ 08:16,08:16 ~ 08:47
Aeroporto de Barcelona-El Prat,6784,07:32 ~ 07:58,07:58 ~ 08:28,7021,07:48 ~ 08:15,08:15 ~ 08:46,8471,09:24 ~ 09:57,09:57 ~ 10:35,7297,08:06 ~ 08:35,08:35 ~ 09:07,6469,07:11 ~ 07:36,07:36 ~ 08:05,8156,09:03 ~ 09:35,09:35 ~ 10:11,8096,08:59 ~ 09:31,09:31 ~ 10:07,6745,07:29 ~ 07:56,07:56 ~ 08:25,8711,09:40 ~ 10:14,10:14 ~ 10:53,8206,09:07 ~ 09:39,09:39 ~ 10:15,6945,07:43 ~ 08:10,08:10 ~ 08:40,9067,10:04 ~ 10:40,10:40 ~ 11:20,6650,07:23 ~ 07:49,07:49 ~ 08:18,8504,09:26 ~ 10:00,10:00 ~ 10:37,6450,07:10 ~ 07:35,07:35 ~ 08:03,9605,10:40 ~ 11:18,11:18 ~ 12:00,9246,10:16 ~ 10:52,10:52 ~ 11:33,8743,09:42 ~ 10:17,10:17 ~ 10:55,7040,07:49 ~ 08:16,08:16 ~ 08:48
Aeroporto Adolfo Suárez Madrid-Barajas,6403,07:06 ~ 07:31,07:31 ~ 08:00,6560,07:17 ~ 07:43,07:43 ~ 08:11,7993,08:52 ~ 09:24,09:24 ~ 09:59,6915,07:41 ~ 08:08,08:08 ~ 08:38,6059,06:43 ~ 07:07,07:07 ~ 07:34,7742,08:36 ~ 09:06,09:06 ~ 09:40,7726,08:35 ~ 09:05,09:05 ~ 09:39,6310,07:00 ~ 07:25,07:25 ~ 07:53,8270,09:11 ~ 09:43,09:43 ~ 10:20,7821,08:41 ~ 09:12,09:12 ~ 09:46,6494,07:12 ~ 07:38,07:38 ~ 08:07,8674,09:38 ~ 10:12,10:12 ~ 10:50,6271,06:58 ~ 07:22,07:22 ~ 07:50,8129,09:01 ~ 09:33,09:33 ~ 10:09,6061,06:44 ~ 07:07,07:07 ~ 07:34,9219,10:14 ~ 10:50,10:50 ~ 11:31,8863,09:50 ~ 10:25,10:25 ~ 11:04,8355,09:16 ~ 09:49,09:49 ~ 10:26,6658,07:23 ~ 07:49,07:49 ~ 08:19
Aeroporto Francisco Sá Carneiro (Porto),6219,06:54 ~ 07:18,07:18 ~ 07:46,6244,06:56 ~ 07:20,07:20 ~ 07:48,7628,08:28 ~ 08:58,08:58 ~ 09:32,6726,07:28 ~ 07:54,07:54 ~ 08:24,5834,06:28 ~ 06:51,06:51 ~ 07:17,7505,08:20 ~ 08:49,08:49 ~ 09:22,7550,08:23 ~ 08:52,08:52 ~ 09:26,6042,06:42 ~ 07:06,07:06 ~ 07:33,7988,08:52 ~ 09:23,09:23 ~ 09:59,7625,08:28 ~ 08:58,08:58 ~ 09:31,6197,06:53 ~ 07:17,07:17 ~ 07:44,8465,09:24 ~ 09:57,09:57 ~ 10:34,6089,06:45 ~ 07:09,07:09 ~ 07:36,7945,08:49 ~ 09:20,09:20 ~ 09:55,5868,06:31 ~ 06:54,06:54 ~ 07:20,9017,10:01 ~ 10:36,10:36 ~ 11:16,8666,09:37 ~ 10:11,10:11 ~ 10:49,8154,09:03 ~ 09:35,09:35 ~ 10:11,6471,07:11 ~ 07:36,07:36 ~ 08:05
Aeroporto Humberto Delgado (Lisboa),5968,06:37 ~ 07:01,07:01 ~ 07:27,6054,06:43 ~ 07:07,07:07 ~ 07:34,7477,08:18 ~ 08:47,08:47 ~ 09:20,6477,07:11 ~ 07:37,07:37 ~ 08:05,5596,06:13 ~ 06:35,06:35 ~ 06:59,7273,08:04 ~ 08:33,08:33 ~ 09:05,7297,08:06 ~ 08:35,08:35 ~ 09:07,5823,06:28 ~ 06:51,06:51 ~ 07:16,7778,08:38 ~ 09:09,09:09 ~ 09:43,7378,08:11 ~ 08:40,08:40 ~ 09:13,5995,06:39 ~ 07:03,07:03 ~ 07:29,8223,09:08 ~ 09:40,09:40 ~ 10:16,5837,06:29 ~ 06:52,06:52 ~ 07:17,7695,08:33 ~ 09:03,09:03 ~ 09:37,5620,06:14 ~ 06:36,06:36 ~ 07:01,8773,09:44 ~ 10:19,10:19 ~ 10:57,8420,09:21 ~ 09:54,09:54 ~ 10:31,7909,08:47 ~ 09:18,09:18 ~ 09:53,6221,06:54 ~ 07:19,07:19 ~ 07:46
